foundation_date,first_funding_age,last_funding_age,first_milestone_age,last_milestone_age,total_funding,roundA,roundB,roundC,roundD,in_Top500,Target,connections_bins,funding_rounds_bins,milestones_bins,avg_group_size_bins,state_code_bins,category_bins
0.7852869695270144,0.3650610002423851,0.3894093883816757,0.590287955328852,0.5337787907309599,0.0005478696005857593,0,0,0,0,0,1,0,2,2,0,0,0
0.5462703309029726,0.45803021733861193,0.6154609356063666,0.6381235825343672,0.5415937418162113,0.06050412272253972,0,1,1,1,1,1,1,3,0,2,0,1
0.8607216302112546,0.32574937383857155,0.32574937383857155,0.5245625813635508,0.41713533037226036,0.0039060234884736775,1,0,0,0,1,1,0,0,1,2,0,2
0.6146008599738269,0.39357194796800515,0.46414155288034253,0.6175974520415599,0.5155923053587126,0.060353194457915545,0,1,1,1,1,1,0,2,0,2,0,3
0.9075528136100206,0.2923681021249091,0.34629070049284966,0.49551528201937173,0.36094495048888825,0.001943956048359388,0,0,0,0,1,0,0,1,0,0,0,4
0.6146008599738269,0.4392599175890765,0.4392599175890765,0.597128634238601,0.48966346964122276,0.011301508455058309,0,1,0,0,1,0,0,0,0,1,0,0
0.7170499158721257,0.34797123697180254,0.4607772481215157,0.556135732824615,0.5312922153856526,0.03922323741053089,1,1,0,0,1,1,1,2,1,1,0,3
0.6828379136287157,0.34558293609113677,0.5108895532035227,0.6094672376102246,0.5508270002152094,0.05144842684508916,1,1,0,1,1,1,3,2,2,2,0,0
0.6146008599738269,0.4082701785570009,0.651495515876222,0.6585924003373261,0.6190950317757883,0.014546466144478094,1,0,0,1,1,1,2,2,3,2,1,5
0.7311647036829314,0.34637795911771835,0.44377474347580187,0.5544531960012118,0.5185067064933584,0.008660263824135227,1,0,0,0,1,1,2,2,3,0,0,2
0.5760889885959992,0.4419164579461905,0.5977506665589399,0.7021643727944848,0.6360732334036006,0.04148716137989353,1,1,0,0,1,1,3,2,2,0,0,5
0.75116844269957,0.32742991031752444,0.4648493172820554,0.4821123001219942,0.4794345439506731,0.015678428129159414,1,0,0,0,1,0,1,4,1,1,0,2
0.6828379136287157,0.45085885109477253,0.45085885109477253,0.0,0.0,0.0005101375344297152,0,0,0,0,0,0,0,0,0,0,2,2
0.8160403813796973,0.29298860790175324,0.3710818453583259,0.510991755160189,0.47346831885207863,0.014999250938350623,1,1,1,0,1,1,2,2,2,1,3,0
0.5804823331463826,0.4431574694998788,0.583142926395734,0.6756408786854107,0.5891187048027984,0.016131212923031945,1,1,0,0,1,1,2,4,0,1,2,3
0.5121518040755282,0.5059319705906116,0.5059319705906116,0.0,0.0,0.00028374513749345105,0,0,0,0,0,0,0,0,0,0,2,0
0.6487193868012713,0.37595216934636827,0.5109800436293124,0.6073364336769366,0.502594180013535,0.07393673827409139,1,1,1,1,1,0,1,4,0,2,0,0
0.563282856608712,0.440765936818292,0.5241722549890927,0.4845235268591827,0.6887139556772484,0.037713954764289126,1,1,1,1,1,1,1,3,2,2,0,4
0.8877360254253133,0.3163642239638038,0.3434564110850772,0.5210296634107601,0.4378057982062432,0.006886856714801156,1,0,0,0,1,1,1,2,2,2,3,2
0.7852869695270144,0.37320837036438553,0.3838312999919205,0.5579308481459345,0.45052389212567195,0.04224180270301441,1,1,0,0,1,0,2,1,2,0,0,1
0.5804823331463826,0.36391047911448654,0.4147337803991274,0.5783996659488935,0.6062369221434851,0.006554814532627969,1,0,0,0,0,1,1,1,2,1,4,3
0.6828379136287157,0.4162397996283429,0.4162397996283429,0.5715016743492963,0.4572005673229256,0.022621128301871518,0,1,0,0,1,0,0,0,0,1,2,0
0.6146008599738269,0.4698068998949665,0.4698068998949665,0.4947292794157381,0.35994928319733666,0.004766314596831482,1,0,0,0,0,0,0,0,0,1,0,2
0.8194054963544588,0.2600500929142765,0.3995055344590773,0.5703799831336942,0.5067842798654812,0.0034532386946011496,1,0,0,0,0,0,0,1,2,1,0,5
0.7965040194428865,0.3005154722469096,0.3032592712288923,0.0,0.0,0.0006686122122851002,1,0,0,0,1,0,0,1,0,2,2,0
0.6146008599738269,0.44882281651450273,0.44882281651450273,0.515198097218697,0.38587811891482643,0.019602563009387994,0,0,1,0,1,1,0,0,0,2,2,3
0.6487193868012713,0.42358891492284073,0.42358891492284073,0.556190998632683,0.4378057982062432,0.022621128301871518,0,0,1,0,1,1,1,0,0,2,0,0
0.8336137595812301,0.42385392259836796,0.42385392259836796,0.5647162612476154,0.4955596868833799,0.005717162663963791,0,1,0,0,1,1,0,0,2,1,0,0
0.7965040194428865,0.37338288761412297,0.43881716086289085,0.5956712544110303,0.5071395049148109,0.4520120411576526,1,0,1,0,1,1,4,4,1,1,4,2
0.7304169003552066,0.3307942150763513,0.3307942150763513,0.5395355215864153,0.561553759551535,0.0014911712544868599,0,0,0,0,1,1,0,0,2,1,0,0
0.7852869695270144,0.3361072957905793,0.36231720126040234,0.5872033044859462,0.47709057720181197,0.015829356393783592,1,1,0,0,1,0,0,1,0,1,0,0
0.5804823331463826,0.4265977215803507,0.4593584875171689,0.556135732824615,0.43773579034980603,0.012961719365924246,0,1,0,0,1,1,1,1,0,1,2,0
0.7766872312581792,0.2869677627858124,0.3576246263230185,0.0,0.0,0.007528301839453904,1,1,0,0,1,0,1,1,0,1,2,3
0.9218545522527575,0.2923681021249091,0.3204362931243435,0.5031972293408222,0.41613966308070877,0.0034607835985497122,0,0,0,0,1,1,0,1,1,2,0,5
0.8677322864086745,0.2950246424820231,0.2950246424820231,0.0,0.0,1.9620674401142893e-05,0,0,0,0,0,0,0,0,0,0,2,0
0.6998504393344551,0.3782532116021653,0.3782532116021653,0.4947292794157381,0.35994928319733666,0.006019019193212143,0,1,0,0,1,0,0,0,0,0,3,3
0.7852869695270144,0.3123794134281328,0.34389916781126284,0.515198097218697,0.47226003510764364,0.022017415243374812,1,1,0,0,1,0,1,1,2,1,0,3
0.7170499158721257,0.32672214591581156,0.4766259998384099,0.0,0.0,0.06639032504288259,0,1,1,0,1,0,0,2,0,2,0,0
0.8450177603290334,0.29776844146400583,0.3779882039266381,0.5071784144034978,0.48312940304041535,0.0027331931482974226,1,0,0,0,1,1,1,2,2,1,0,6
0.7566834922415404,0.2923681021249091,0.4831768603054052,0.5733520554786837,0.5450033837130612,0.04513208047985003,1,1,1,0,1,1,2,5,4,1,3,7
0.7623854926154421,0.2923681021249091,0.4475818049608144,0.570883516051647,0.5574336675560259,0.049788215934223216,1,1,1,0,1,1,3,3,4,1,2,1
0.941671340437465,0.2923681021249091,0.3112288923002343,0.506674881485545,0.3753639760313843,0.000170548939025319,0,0,0,0,0,1,1,1,1,0,2,5
0.8194054963544588,0.295732406883736,0.36948856750424175,0.5424523281233369,0.43233740675342464,0.006019019193212143,1,0,0,0,1,0,1,1,1,0,0,0
0.6950831931202095,0.4051708814737012,0.4051708814737012,0.6105889288258267,0.5762605951704951,0.01507471507066271,0,0,1,0,1,1,1,0,2,1,2,1
0.6146008599738269,0.4431574694998788,0.4431574694998788,0.6736779190581069,0.6250638497579544,0.009037584485695666,0,0,1,0,1,1,3,0,3,1,0,7
0.6487193868012713,0.37719318090005655,0.37719318090005655,0.0,0.0,0.037713954764289126,0,1,0,0,1,1,0,0,0,2,0,3
0.8848382875303795,0.3222945786539549,0.38781611052759146,0.5117777577638226,0.43105911515255235,0.005641698531651703,1,0,0,0,1,1,0,2,2,1,3,0
0.8806318938119275,0.3003377231962511,0.3003377231962511,0.5176093239558857,0.40306893699552215,0.004509736546970382,1,0,0,0,1,1,1,0,1,0,1,3
0.9011030099083941,0.29847620586571866,0.3307942150763513,0.522489090120111,0.40292632839907594,0.0017251100646543329,0,0,0,0,1,1,1,1,1,4,0,3
0.6401196485324361,0.39605073927446066,0.39605073927446066,0.6022888232067269,0.5643255520897346,0.01507471507066271,0,0,0,1,1,1,2,0,1,1,0,3
0.75116844269957,0.3758649107214995,0.3758649107214995,0.535666915021656,0.4118069546323162,0.004509736546970382,1,0,0,0,1,1,0,0,0,0,0,2
0.8536174985978688,0.3535525571624788,0.37143734345964285,0.535666915021656,0.4449102991928354,0.017338639040025354,0,0,0,0,1,1,0,1,2,0,1,5
0.7113479154982241,0.31653874121354125,0.31653874121354125,0.5776136633452599,0.5757627615247194,0.007528301839453904,1,0,0,0,1,1,2,0,4,1,4,2
0.5462703309029726,0.4599789932940131,0.5125733214833966,0.6448516829461998,0.5501165501165501,0.043751085349256175,0,0,0,1,1,1,1,1,0,2,1,0
0.7623854926154421,0.31405994990708574,0.49380302173386115,0.5776136633452599,0.5569384267938218,0.05235399643283421,1,1,1,1,1,1,4,4,3,2,0,1
0.6828379136287157,0.33070695645148257,0.4054358891492284,0.0,0.0,0.01816874449545832,1,0,0,0,1,0,0,1,0,1,0,3
0.75116844269957,0.36231720126040234,0.4462535347822574,0.576659816435642,0.5350570823318321,0.01809328036314623,1,1,0,0,1,1,2,2,1,1,0,0
0.7199476537670593,0.42500444372626645,0.42500444372626645,0.5339291123901848,0.40960559647990136,0.008282943162574786,0,0,1,0,1,1,2,0,0,1,0,8
0.8022060198167882,0.3566486224448574,0.4265977215803507,0.5540601946993949,0.49627013698203915,0.036204672118047364,1,1,0,0,1,1,1,2,3,2,0,3
0.563282856608712,0.4605090086450675,0.4923842611295144,0.6483846008989905,0.6942549478700759,0.01507471507066271,1,1,0,0,1,1,1,1,1,2,2,5
0.5433725930080389,0.3823285125636261,0.6462729255877837,0.45552944644129134,0.31029296991477195,0.028672855159310364,0,1,0,0,1,0,1,2,0,1,1,9
0.7170499158721257,0.4054358891492284,0.4054358891492284,0.556135732824615,0.43773579034980603,0.007528301839453904,1,0,0,0,1,0,1,0,0,0,0,0
0.5804823331463826,0.4231461581966551,0.5930580916215561,0.6175974520415599,0.5155923053587126,0.028529329926066004,0,0,1,0,1,1,0,4,0,1,2,1
0.5804823331463826,0.49831784762058656,0.49831784762058656,0.0,0.0,0.006019019193212143,0,0,0,0,0,0,0,0,0,1,2,3
0.8507197607029351,0.335221782338208,0.3823285125636261,0.5289940804178914,0.4412154401030931,0.003047063567409859,1,0,0,0,1,1,0,2,1,1,1,3
0.75116844269957,0.37781045487597964,0.37781045487597964,0.4947292794157381,0.5516100510538776,0.007528301839453904,0,1,0,0,1,1,0,0,1,0,0,0
0.5433725930080389,0.32752040074331423,0.32752040074331423,0.0,0.0,0.030922182856201203,0,0,0,0,1,0,0,0,0,2,2,3
0.7541596560104693,0.4203991274137513,0.5030976811828392,0.5884375741994645,0.5592823935426828,0.019979883670948436,0,0,0,0,0,1,0,1,3,1,2,7
0.5462703309029726,0.5268287953462066,0.5268287953462066,0.6381235825343672,0.5415937418162113,0.01809328036314623,0,0,0,0,1,1,1,0,0,1,0,0
0.7397644419517668,0.33548679001373516,0.3901203845843096,0.5565839999344998,0.4464738079866001,0.017323073808094662,1,1,0,0,1,1,1,2,1,2,0,7
0.8194054963544588,0.31432818938353396,0.31432818938353396,0.5544531960012118,0.46956084330945297,0.006019019193212143,1,0,0,0,1,1,2,0,2,1,0,2
0.9712095718825948,0.29139533004766904,0.29139533004766904,0.49753350745474345,0.36350153369063276,0.0005176839476609241,0,0,0,0,0,1,0,0,0,0,0,3
0.75116844269957,0.2923681021249091,0.3003377231962511,0.5441901307548082,0.4977636379193666,0.00015998396050162668,0,0,0,0,1,1,1,1,2,1,2,2
0.6487193868012713,0.34629070049284966,0.5941213541245859,0.6458055298558176,0.6315279085023247,0.06095690751641225,1,1,1,1,1,1,2,3,2,1,0,7
0.7852869695270144,0.3507182677547063,0.3507182677547063,0.0,0.0,0.004509736546970382,1,0,0,0,1,0,0,0,0,0,4,3
0.6487193868012713,0.37958148178072226,0.4217273975923083,0.515198097218697,0.38587811891482643,0.029714756739207794,0,1,0,0,1,0,0,1,0,2,0,3
0.47803327724808375,0.5886305243596994,0.5896065282378605,0.0,0.0,0.026847119711348448,0,0,0,0,1,0,0,1,0,0,0,3
0.8932510749672837,0.29272360022622607,0.3601906762543427,0.5579861139540024,0.458053626018031,0.08676564076714635,1,1,0,0,1,1,2,2,2,2,0,0
0.75116844269957,0.3138854326573483,0.3905631413104953,0.535666915021656,0.491014361982104,0.025941550123603392,1,1,1,0,1,1,1,2,4,1,3,4
0.8393157599551317,0.2735073119495839,0.3357550294901834,0.4947292794157381,0.4000845280044391,0.0006720563952838239,0,0,0,0,1,0,0,5,1,0,1,5
0.911198354832679,0.2916603377231963,0.35806738304920416,0.5421166395113683,0.4419984909417613,0.02790361756371768,1,1,0,0,1,1,2,3,2,1,0,5
0.8194054963544588,0.3585101397753898,0.3585101397753898,0.0,0.0,0.01809328036314623,1,0,0,0,1,0,0,0,0,3,2,0
0.7852869695270144,0.40587864587541406,0.4202246101640139,0.5756507037179561,0.48533076119283025,0.7697160381915433,0,0,0,0,1,0,0,1,2,1,2,0
0.6146008599738269,0.41951361396138,0.4436874848509332,0.576659816435642,0.463734633923733,0.02752629690215724,1,1,0,0,1,1,0,1,0,1,0,0
0.7056459151243224,0.36222671083461255,0.4745899652581401,0.5731842111726995,0.559425002139129,0.06261714710364846,0,0,1,0,1,1,2,3,4,2,3,0
0.5462703309029726,0.46821362204088224,0.46821362204088224,0.0,0.0,0.0014911712544868599,1,0,0,0,0,0,0,0,0,1,2,3
0.7595812301364742,0.3288486709218712,0.3288486709218712,0.515198097218697,0.42935299776234154,0.007528301839453904,1,0,0,0,1,1,1,0,1,0,0,2
0.5804823331463826,0.547282863375616,0.6370655247636745,0.5031972293408222,0.37067604253366215,0.0644282576027683,0,1,0,0,1,0,0,2,0,2,2,0
0.9901850813236119,0.3208790498505292,0.3208790498505292,0.0,0.0,0.01809328036314623,0,0,0,0,1,0,1,0,0,4,0,6
0.6487193868012713,0.3740033933909671,0.39268643451563384,0.556190998632683,0.5965758379551483,0.033638891619436374,0,1,1,0,1,1,0,1,1,2,2,3
0.6146008599738269,0.4217273975923083,0.5467496162236406,0.49803704037269625,0.364139383049283,0.01507471507066271,0,1,0,0,1,1,0,1,0,2,0,0
0.7282669657879979,0.33008645067463843,0.4431574694998788,0.0,0.0,0.0234732557003958,0,1,1,0,1,0,0,2,0,2,2,7
0.7852869695270144,0.37550941262018256,0.37550941262018256,0.5454817131581748,0.4809980527444377,0.0007365299313659794,0,0,0,0,1,1,1,0,1,2,0,2
0.920826322677136,0.29608790498505294,0.33566453906439364,0.5322465755667816,0.4292103891658954,0.013489968292108861,1,0,0,0,1,1,3,1,1,3,0,0
0.75116844269957,0.34885675042417386,0.44811505211278985,0.576659816435642,0.4849055282870634,0.08352068307772657,1,1,1,1,1,1,1,3,1,2,3,0
0.6146008599738269,0.41269774581885754,0.41269774581885754,0.0,0.0,0.006019019193212143,0,1,0,0,1,0,0,0,0,1,0,0
0.75116844269957,0.34726347257008966,0.5029231639331018,0.561967299016678,0.4878173365381375,0.016228294510686154,1,0,0,0,1,1,0,4,2,1,2,3
0.7852869695270144,0.337878322695322,0.337878322695322,0.4947292794157381,0.35994928319733666,0.008282943162574786,0,0,0,0,1,0,0,0,0,1,2,3
0.8194054963544588,0.4308475397915489,0.4308475397915489,0.5441901307548082,0.5029494050628646,0.0005856016667418033,0,0,0,0,1,1,1,0,1,1,0,0
0.7852869695270144,0.316629231639331,0.3897648864829926,0.0,0.0,0.0814831515053002,0,0,1,0,1,0,0,2,0,1,0,0
0.034212002243410033,0.964760442756726,0.964760442756726,0.0,0.0,0.048278933287981454,0,1,0,0,1,0,0,0,0,3,2,3
0.5462703309029726,0.47945705744526135,0.47945705744526135,0.0,0.0,0.019602563009387994,0,0,0,1,1,1,0,0,0,2,2,3
0.7170499158721257,0.29511190110689184,0.3334507554334653,0.0,0.0,0.018847921686267113,1,1,0,0,1,1,0,2,0,1,2,3
0.6828379136287157,0.3683380463763432,0.5600323180092106,0.515253363026765,0.5747670942331677,0.057432083545899855,0,1,1,1,1,1,2,3,1,1,0,0
0.8022060198167882,0.27634160135735636,0.3329207400824109,0.5391998329744467,0.47922192749778963,0.009037584485695666,1,0,0,0,1,1,3,1,1,2,0,2
0.7652832305103758,0.37205784923648705,0.44855780883897556,0.5067301472936129,0.5055759961210462,0.007528301839453904,1,1,0,0,0,0,0,1,5,0,2,2
0.5462703309029726,0.2923681021249091,0.522045729983033,0.6176547647314082,0.6426799007444169,0.089029564736509,0,0,1,0,1,1,1,2,2,1,2,3
0.941671340437465,0.32583663246344025,0.32583663246344025,0.4947292794157381,0.3868011854663691,0.0014911712544868599,0,0,0,0,0,0,0,0,1,0,2,2
0.7852869695270144,0.38037973660822494,0.38037973660822494,0.5134602945872259,0.5235498650404101,0.0008874581959901556,0,0,0,0,1,1,0,0,2,3,0,2
0.75116844269957,0.384009049042579,0.3938369556435324,0.5638749928359138,0.4578384166815758,0.18864221938846526,1,1,0,0,1,0,0,1,1,1,2,5
0.7865956253505328,0.3180447604427567,0.38613557404863863,0.5571448455423009,0.5290908572332378,0.004132415885409942,1,0,0,0,1,1,2,1,2,2,0,2
0.6487193868012713,0.386665589399693,0.44536802132988607,0.0,0.0,0.04526036799549794,1,1,0,0,1,1,0,1,0,1,0,0
0.6487193868012713,0.4220828956936252,0.4220828956936252,0.0,0.0,0.010546867131937428,0,0,1,0,0,0,0,0,0,0,0,0
0.75116844269957,0.3056508039104791,0.3056508039104791,0.4947292794157381,0.4256581386725993,0.009188512750319842,0,1,0,0,1,1,1,0,1,2,0,0
0.9132548139839223,0.30954512402036033,0.35443483881392907,0.54088236979785,0.43716794884759297,0.0031513821653527973,0,0,0,0,1,0,2,2,1,2,0,1
0.8770798280052348,0.29706067706229294,0.30857235194312027,0.5048797661642255,0.4380210075426984,0.0038531985958552162,1,0,0,0,1,1,1,1,2,2,0,5
0.44391475042063944,0.6400743314211845,0.6400743314211845,0.0,0.0,0.003000453900728621,0,0,0,0,0,0,0,0,0,0,0,9
0.6487193868012713,0.3753316635695241,0.476270501737093,0.535722180829724,0.41187696248875344,0.033789819884060546,0,1,1,0,1,1,0,2,0,2,2,0
0.7311647036829314,0.32734265169265575,0.32734265169265575,0.6175974520415599,0.5155923053587126,0.009414905147256106,1,0,0,0,0,1,2,0,0,0,3,6
0.8906337633202468,0.34885675042417386,0.34885675042417386,0.515198097218697,0.4146487550269531,0.0008497261298341115,0,0,0,0,0,1,0,0,1,3,3,2
0.8734342867825762,0.2923681021249091,0.3111384018744445,0.4947292794157381,0.35994928319733666,6.188058849591221e-05,0,0,0,0,1,0,0,1,0,0,1,2
0.75116844269957,0.321942312353559,0.3820602730871778,0.556190998632683,0.4545013755247349,0.01432007374754183,1,1,0,0,1,1,1,1,1,1,0,6
0.8791362871564778,0.26819746303627695,0.3188430152702594,0.4588945200880978,0.3664859426817158,0.005264377870091263,1,0,0,0,1,0,1,1,1,0,4,1
0.8791362871564778,0.3173369960410439,0.34071261210309445,0.4827284115378632,0.4572705751793628,0.015829356393783592,1,0,0,0,1,1,2,2,2,3,3,0
0.8194054963544588,0.31680698068998947,0.4350100993778783,0.5517062806520546,0.463734633923733,0.05167481924202542,1,1,1,0,1,1,2,3,1,1,0,0
0.75116844269957,0.31432818938353396,0.439437666639735,0.0,0.0,0.12884611775738664,1,1,1,0,1,1,0,4,0,2,1,9
0.5462703309029726,0.49167649672780156,0.5483428940777249,0.6585924003373261,0.6517731434305406,0.1509101532324212,1,0,0,0,1,1,1,2,2,1,2,2
0.8538979248457657,0.25969459481295953,0.3404476044275673,0.503029385034838,0.3941883107622819,0.000170548939025319,0,0,0,0,1,0,0,1,1,0,2,7
0.6487193868012713,0.3672747838733134,0.42925426193746463,0.4878886005059892,0.3512838663005516,0.015980284658407767,0,1,0,0,1,0,0,1,0,1,2,5
0.6828379136287157,0.37055183000727154,0.46812636341601355,0.535722180829724,0.41187696248875344,0.039374165675155066,0,1,0,0,1,1,0,2,0,2,0,0
0.5462703309029726,0.5357711884947887,0.5357711884947887,0.7144456634762603,0.6382745915560155,0.04526036799549794,0,0,0,0,1,1,0,0,0,2,3,2
0.912600486072163,0.32654439686515313,0.3495677466268078,0.5158142086345661,0.38878992716590055,0.0001824496326909353,0,0,0,0,1,0,1,2,1,0,2,4
0.7766872312581792,0.31175890765128866,0.42890199563706877,0.47942065058090505,0.47602490205382314,0.01432007374754183,1,1,1,0,1,1,1,2,1,1,0,3
0.5462703309029726,0.4902609679243759,0.4902609679243759,0.6176547647314082,0.5156649060987215,0.0271489762405968,0,0,0,0,1,1,1,0,0,3,0,0
0.8906337633202468,0.35160378120707764,0.35160378120707764,0.5305067260535301,0.40527029514793705,0.001023293634151914,0,0,0,0,1,0,0,0,0,1,2,2
0.5804823331463826,0.4592712288923002,0.4864539064393633,0.0,0.0,0.037912592962643654,0,1,0,0,1,1,0,2,0,0,2,5
0.7852869695270144,0.4064118930273895,0.4064118930273895,0.0,0.0,0.003000453900728621,0,0,0,0,1,0,0,0,0,0,0,0
0.6828379136287157,0.3435469015108669,0.5071729821442998,0.5971859469284492,0.543725092112189,0.11883789699978378,1,1,0,0,1,1,0,2,1,2,1,9
0.7795849691531127,0.3005154722469096,0.4347450917023511,0.5625854573143274,0.5360527496233838,0.07318209695097051,1,1,1,0,1,1,3,4,2,1,0,7
0.7170499158721257,0.31087339419891735,0.31087339419891735,0.6004937078854073,0.5675925853901383,0.022621128301871518,1,0,0,0,0,0,2,0,1,1,0,0
0.7852869695270144,0.3227373353801406,0.4642288115052113,0.0,0.0,0.11166880443013541,0,1,1,0,1,1,2,4,0,3,0,0
0.7170499158721257,0.31653874121354125,0.36771754059949907,0.535666915021656,0.4118069546323162,0.022621128301871518,1,1,0,0,1,1,1,1,0,1,0,3
0.6828379136287157,0.35709137917104306,0.41898359861032564,0.556190998632683,0.49527706257405935,0.06789960768912434,1,0,0,0,0,0,1,2,2,0,3,4
0.7652832305103758,0.3543475801890603,0.3543475801890603,0.535722180829724,0.41187696248875344,0.0066378250781712654,1,0,0,0,1,1,0,0,0,0,0,5
0.8877360254253133,0.2923681021249091,0.3213218065767149,0.535666915021656,0.42935299776234154,0.006773660516333024,1,1,0,0,1,1,1,1,1,1,2,2
0.7852869695270144,0.34637795911771835,0.4147337803991274,0.590287955328852,0.5073521213676944,0.01664436902275414,1,1,1,0,1,1,2,2,1,1,0,3
0.8536174985978688,0.35319705906116183,0.35319705906116183,0.52192824451231,0.43638489800892477,0.0023967408422319167,1,0,0,0,1,1,1,0,1,1,0,4
0.6146008599738269,0.4027793487921144,0.41756806980689987,0.6534322113692002,0.560985918049322,0.01356543242442095,0,1,0,0,1,1,0,1,0,2,3,3
0.8961488128622173,0.3345140179364951,0.3779882039266381,0.4947292794157381,0.4552818334798313,0.00493584778863588,0,0,0,0,1,1,0,2,1,1,0,0
0.6146008599738269,0.42695321968166755,0.42695321968166755,0.6090189705003398,0.6553253939238367,0.0372611699704166,1,1,0,0,1,1,0,1,4,2,0,2
0.6146008599738269,0.47653550941262013,0.5149648541649834,0.0,0.0,0.013263575895172597,1,0,0,0,1,0,0,1,0,0,2,0
0.8080014956066555,0.3306196978266139,0.3306196978266139,0.5135155603952938,0.38374676861884877,0.002547669106856093,1,0,0,0,0,0,0,0,0,0,0,2
0.9018508132361189,0.3004249818211198,0.3004249818211198,0.4947292794157381,0.3801245102691155,1.2074261169934092e-05,0,0,0,0,0,0,0,0,1,0,0,2
0.7170499158721257,0.39268643451563384,0.45138886644582693,0.597128634238601,0.5765432194798158,0.017338639040025354,1,1,0,0,1,1,1,1,4,1,0,5
0.5804823331463826,0.36691928577199645,0.5969556435323584,0.5868103031841293,0.6559632432824869,0.1481481659897988,0,1,1,1,1,0,2,5,2,3,0,5
0.8877360254253133,0.3318574775793811,0.3318574775793811,0.510037908250571,0.429565614215225,0.0020194201806714765,0,0,0,0,1,1,0,0,2,4,0,2
0.7454664423256685,0.44448250787751475,0.44448250787751475,0.5559105758287824,0.537898882726469,0.0014010082184830234,1,0,0,0,1,1,2,0,1,0,2,3
0.7996821835857171,0.3462034418679809,0.4110139775389836,0.569763871717825,0.45513922488338515,0.006019019193212143,1,0,0,0,1,1,2,1,2,1,1,2
0.8194054963544588,0.35558859174274865,0.35558859174274865,0.515253363026765,0.38594812677126367,0.007528301839453904,1,0,0,0,0,0,0,0,0,0,0,2
0.8635258926902225,0.2924553607497778,0.2924553607497778,0.506674881485545,0.3750813517220637,1.2074261169934092e-05,0,0,0,0,0,0,0,0,0,0,2,2
0.6146008599738269,0.42261291104467963,0.42261291104467963,0.556190998632683,0.4378057982062432,0.018847921686267113,0,1,0,0,1,1,0,0,0,1,2,0
0.8536174985978688,0.33566453906439364,0.4428019713985618,0.522544355928179,0.39560921095960033,0.010892046110263504,1,0,0,0,1,0,0,4,1,1,2,0
0.75116844269957,0.43403732730063826,0.4848606285852791,0.6072791209870883,0.5025215792735259,0.08299243415154195,0,1,0,0,1,0,0,1,0,2,2,9
0.6828379136287157,0.3590401551264442,0.50610971964127,0.0,0.0,0.022892799178195034,1,0,1,0,1,1,0,3,0,0,0,1
0.8194054963544588,0.3682475559505535,0.40322210551830007,0.54295790792307,0.463734633923733,0.04526036799549794,1,1,0,0,1,0,0,1,1,1,0,3
0.75116844269957,0.3739161347660984,0.37860870970348226,0.556190998632683,0.4746766025965137,0.021866486978750637,1,1,0,0,1,1,2,1,2,1,4,0
0.8536174985978688,0.3592179041771027,0.3592179041771027,0.5475552044016146,0.47318310165918626,0.009792225808816547,0,0,0,0,1,1,1,0,2,1,0,7
0.9585903907272388,0.2923681021249091,0.2923681021249091,0.4947292794157381,0.35994928319733666,4.527847938725283e-06,0,0,0,0,0,0,0,0,0,0,2,2
0.8705365488876426,0.31592146723761816,0.408890684333845,0.5272542309046399,0.4663638178654865,0.007084436906020665,0,0,0,0,1,1,0,4,2,1,3,5
0.8194054963544588,0.38303627696533893,0.38303627696533893,0.556190998632683,0.4805002190986619,0.004509736546970382,0,0,0,0,1,1,1,0,1,0,0,4
0.7881847074219481,0.3164514825886725,0.4513016078209582,0.5570322670443846,0.537331041224256,0.1890195400500257,1,1,1,1,1,1,3,4,4,2,3,2
0.8194054963544588,0.3030815221782338,0.4217273975923083,0.5431257522290542,0.4550692170269479,0.00217034542673036,0,0,0,0,1,0,1,3,2,0,3,0
0.9247522901476912,0.31485820473458836,0.3307942150763513,0.5083001056190999,0.42800469830503207,0.009037584485695666,1,0,0,0,1,1,0,1,2,3,1,5
0.7170499158721257,0.35895289650157547,0.4937125313080714,0.0,0.0,0.04254365923226276,0,1,1,0,1,1,1,2,0,1,2,0
0.7368667040568331,0.39410196331905956,0.450063828068191,0.597128634238601,0.48966346964122276,0.021111845655629756,1,0,0,0,1,1,0,1,0,1,0,3
0.8022060198167882,0.3434564110850772,0.3434564110850772,0.540827103989782,0.4256581386725993,0.004509736546970382,1,0,0,0,0,0,2,0,1,0,4,1
0.8877360254253133,0.3413331178799386,0.3493899975761493,0.510037908250571,0.3793414594304473,0.0033597461810797036,0,0,0,0,1,0,1,1,0,0,2,1
0.9104505515049544,0.3153882200856427,0.36621152137028357,0.5346578023039702,0.4191240720717918,0.007830158368702256,1,0,0,0,1,0,0,1,1,0,0,0
0.8877360254253133,0.4097761977862163,0.4097761977862163,0.5182254353717547,0.4579110174215848,0.11317808707637718,0,0,0,0,0,1,0,0,3,0,2,6
0.773882968779211,0.3056508039104791,0.42066736689019957,0.5817647395957,0.509483471663672,0.03695931344116825,1,1,1,0,1,0,2,3,3,1,1,3
0.6146008599738269,0.4509461097196412,0.5541892219439282,0.0,0.0,0.006737695820155729,1,0,0,0,1,0,0,2,0,1,0,7
0.807627593942793,0.30857235194312027,0.37063908863214023,0.55243497056584,0.5125378885111922,0.01567842963844206,1,1,0,0,1,1,3,2,2,3,4,2
0.6146008599738269,0.42757372545851174,0.5229312434354043,0.597128634238601,0.48966346964122276,0.10321682161118155,0,0,1,1,1,1,1,2,0,3,2,0
0.6828379136287157,0.38702108750100994,0.442094206996849,0.0,0.0,0.022922984831119868,1,1,0,0,1,1,2,1,0,1,0,3
0.9218545522527575,0.3123794134281328,0.3436341601357356,0.0,0.0,0.0013251501634002662,0,0,0,0,1,0,0,1,0,1,3,5
0.5804823331463826,0.6327252161266865,0.6327252161266865,0.0,0.0,0.0039060234884736775,0,0,0,0,1,0,0,0,0,0,0,5
0.8536174985978688,0.4173903207562414,0.4173903207562414,0.5731268984828513,0.4659385849597196,0.0018326766388519831,0,0,0,0,1,1,1,0,1,0,2,1
0.6146008599738269,0.5100945301769411,0.5602100670598691,0.6329633935662412,0.5350570823318321,0.01356543242442095,1,1,0,0,0,1,0,1,0,0,0,2
0.6828379136287157,0.4427147127736931,0.5550747353962996,0.6176547647314082,0.5156649060987215,0.010864133437003909,1,1,0,0,0,1,0,3,0,0,0,1
0.9218545522527575,0.3162737335380141,0.32929142764805686,0.5066175687956966,0.3750087509820547,0.02367762615424075,1,0,0,0,1,1,2,1,0,1,0,0
0.5462703309029726,0.4760927526864345,0.4964595620909752,0.5971859469284492,0.48973607038123174,0.022696592434183604,0,0,1,0,1,1,0,1,0,1,1,3
0.7709852308842775,0.31653874121354125,0.38126525006059625,0.5271436992885039,0.4774458022511416,0.005264377870091263,1,1,0,0,1,1,0,1,1,1,0,4
0.5462703309029726,0.5016821523794134,0.5299280924295063,0.5971859469284492,0.48973607038123174,0.06488104239664082,0,0,1,1,1,0,0,1,0,0,0,3
0.7170499158721257,0.32990870162397995,0.3905631413104953,0.5615763445966415,0.5035872544215148,0.08601099944402547,1,1,0,0,1,1,1,1,1,2,0,2
0.8080014956066555,0.32123454795184614,0.32123454795184614,0.5117777577638226,0.46920561826012336,0.001943956048359388,0,0,0,0,1,1,1,0,3,2,0,2
0.6828379136287157,0.34079987072796314,0.43536559747919523,0.5783996659488935,0.6124183565785346,0.10525435318360793,1,1,1,1,1,1,2,3,3,2,0,4
0.5804823331463826,0.38932212975680697,0.4540454068029409,0.6917355101238774,0.6294665660627842,0.021866486978750637,0,1,0,0,1,1,2,1,1,1,1,7
0.6146008599738269,0.4243839379494223,0.4728189383533974,0.0,0.0,0.07242745562784962,0,0,1,1,1,0,0,1,0,3,0,0
0.7652832305103758,0.4056136381998869,0.468300880665751,0.0,0.0,0.0052771494198437605,1,0,0,0,1,0,0,1,0,1,2,0
0.6146008599738269,0.40322210551830007,0.47202068352589477,0.6551720608824517,0.5631898690853085,0.02941290020995944,1,1,0,0,1,1,1,2,0,2,0,3
0.9559730790802019,0.3075090894400905,0.3075090894400905,0.517328901151985,0.40349676278486074,0.005641698531651703,0,0,0,0,1,1,0,0,2,4,0,5
0.9075528136100206,0.2923681021249091,0.2923681021249091,0.0,0.0,0.06789960768912434,0,0,0,0,0,0,0,0,0,1,2,2
0.7254627033090297,0.3187525248444696,0.4721079421507635,0.5879893070895797,0.5670247438879252,0.04903357461110234,1,1,1,1,1,0,1,3,2,1,2,1
0.5518788558609087,0.3517815302577361,0.561890603538822,0.6108693516297273,0.7114457659507716,0.0073773735748297285,0,1,0,0,1,1,0,1,4,1,2,1
0.7170499158721257,0.3666542780964692,0.39614122970025045,0.5683044450084741,0.47858148525556765,0.01809328036314623,0,1,1,0,1,0,0,1,2,1,0,7
0.7529444756029164,0.2934313646279389,0.36364547143895937,0.5871480386778781,0.5391771743273412,0.010810991595029736,1,1,0,0,1,1,2,2,5,1,0,2
0.7482707048046364,0.3301769411004282,0.34079987072796314,0.4964670820472093,0.49960977102245185,0.007075517045581376,1,0,0,0,1,0,0,1,3,1,0,2
0.8194054963544588,0.2923681021249091,0.2923681021249091,0.0,0.0,0.0001630025257941102,0,0,0,0,0,0,0,0,0,1,0,0
0.6259113853056646,0.4573224529368991,0.5716312515149067,0.610812038939879,0.5388219492780116,0.01507471507066271,0,1,0,0,0,1,1,2,1,1,0,7
0.563282856608712,0.4525426193746465,0.6257315989335057,0.0,0.0,0.05884391181167378,1,0,0,0,0,0,0,3,0,1,4,0
0.6487193868012713,0.36479599256685785,0.42261291104467963,0.0,0.0,0.024281339212737455,0,1,1,0,1,1,0,1,0,1,1,3
0.75116844269957,0.33265573240688373,0.3597479195281571,0.5458726675782114,0.49797625437225,0.0049625213408429104,1,0,0,0,1,1,0,1,2,1,0,7
0.8565152364928024,0.342835905308233,0.342835905308233,0.5201883949990584,0.40591073739015904,0.0011138505929264195,0,0,0,0,1,1,1,0,2,4,0,0
0.7652832305103758,0.3715246020845116,0.3715246020845116,0.0,0.0,0.0014911712544868599,0,0,0,0,0,0,0,1,0,1,2,3
0.4097027481772294,0.6586668821200614,0.6586668821200614,0.0,0.0,0.01116567301689655,0,0,0,0,1,0,0,0,0,1,3,9
0.5462703309029726,0.5151426032156419,0.6287404055910156,0.0,0.0,0.07967201232981008,0,0,1,0,1,1,0,2,0,3,0,0
0.5804823331463826,0.44324472812474747,0.5870372465056153,0.694369846975118,0.6919083882376431,0.05582534651919026,1,1,1,0,1,0,4,2,3,1,0,3
0.8165077584595253,0.3291136785973984,0.4131405025450432,0.545143977664426,0.44334679039907077,0.021458977645700067,1,1,0,0,1,1,2,2,2,1,0,2
0.8536174985978688,0.3156532277611699,0.3710818453583259,0.5104309095523879,0.43233740675342464,0.004509736546970382,1,1,0,0,1,1,1,1,1,1,0,0
0.7170499158721257,0.4228811505211279,0.4228811505211279,0.6175974520415599,0.5155923053587126,0.030167541533080322,1,0,0,0,0,1,1,0,0,0,3,7
0.8479154982239672,0.31653874121354125,0.360103417629474,0.5286010791160746,0.4142935299776235,0.003000453900728621,0,0,0,0,1,1,1,1,2,1,2,7
0.6487193868012713,0.41579704290215724,0.4892881958471358,0.6790612181402851,0.6133414231300773,0.030016613268456147,0,1,0,0,1,1,0,1,1,1,2,3
0.773882968779211,0.3327429910317524,0.3327429910317524,0.5477230487075988,0.4270790388699177,0.0022458125776077405,0,0,0,0,0,0,1,0,0,0,0,6
0.8705365488876426,0.2923681021249091,0.2923681021249091,0.520358286186823,0.39241477839920563,0.0004724054682736712,0,0,0,0,0,0,0,0,0,2,0,0
0.9104505515049544,0.307331340389432,0.307331340389432,0.5209191317946241,0.4071190211345941,0.005264377870091263,1,0,0,0,1,0,2,0,1,2,0,1
0.6828379136287157,0.35709137917104306,0.43412458592550696,0.5271436992885039,0.4686377767579103,0.04526036799549794,1,1,0,0,1,0,1,3,1,1,2,0
0.6487193868012713,0.4293447523632544,0.4293447523632544,0.0,0.0,0.07544602092033315,0,0,0,1,1,1,0,0,0,3,0,9
0.8194054963544588,0.3399143572755918,0.3399143572755918,0.515253363026765,0.3980957863049076,0.003000453900728621,1,0,0,0,1,1,0,0,1,1,3,6
0.7282669657879979,0.3409776197786216,0.48096307667447685,0.6210198383782146,0.5765432194798158,0.1086502391376519,1,1,1,1,1,1,3,4,1,1,0,7
0.6828379136287157,0.346820715843904,0.48140583340066256,0.6671156160704783,0.5783193447264638,0.041774750660286956,0,1,1,1,1,1,0,2,0,2,0,0
0.6884464385866518,0.3631122242869839,0.3631122242869839,0.0,0.0,0.01356543242442095,0,1,0,0,1,0,4,0,0,2,4,0
0.8336137595812301,0.3059158115860063,0.3397398400258544,0.5588273823657041,0.46721687656059185,0.011301508455058309,1,0,0,0,1,1,2,1,2,2,0,1
0.7852869695270144,0.3147709461097196,0.34079987072796314,0.5646589485577671,0.4485325575425687,0.01507471507066271,1,0,0,0,1,1,1,1,0,1,4,3
0.75116844269957,0.33894158519835177,0.5082362446473297,0.535666915021656,0.4118069546323162,0.008984759593077204,1,0,0,0,0,1,1,3,0,0,0,3
0.7595812301364742,0.2843984810535671,0.2843984810535671,0.4863739079885702,0.5532435677040795,0.006019019193212143,1,0,0,0,0,1,1,0,3,0,0,5
0.6487193868012713,0.4584729740647976,0.4584729740647976,0.6381235825343672,0.5415937418162113,0.007528301839453904,0,0,0,0,0,0,0,0,0,0,2,7
0.6828379136287157,0.32752040074331423,0.32752040074331423,0.5990363280578367,0.5514674424574314,0.017338639040025354,1,0,0,0,1,1,2,0,1,1,0,7
0.8536174985978688,0.32583663246344025,0.3617839541084269,0.5270863865986556,0.4009375866995445,0.001566635386798948,0,0,0,0,0,0,0,1,0,0,2,2
0.7852869695270144,0.32999919204976974,0.3360200371657106,0.5223765116221948,0.44633119939015387,0.008282943162574786,1,0,0,0,1,1,2,1,1,1,3,2
0.7881847074219481,0.31919528157065524,0.38392179041771024,0.5169932125400165,0.4464738079866001,0.007528301839453904,1,0,0,0,1,1,2,2,3,1,2,7
0.9218545522527575,0.2583663246344025,0.3125571624787913,0.4669142029032971,0.40306893699552215,0.005566234399339615,0,0,0,0,0,0,2,1,2,1,0,1
0.75116844269957,0.33159246990385394,0.38958713743233414,0.0,0.0,0.010546867131937428,1,0,0,0,0,0,0,1,0,1,0,3
0.7170499158721257,0.33265573240688373,0.36222671083461255,0.535666915021656,0.4588340839731274,0.048278933287981454,1,1,0,0,1,0,2,1,3,2,1,0
0.7852869695270144,0.3153882200856427,0.42907651288680615,0.5493503197229341,0.43922669840356166,0.011905221513555012,1,0,0,0,0,1,1,2,1,1,1,7
0.7595812301364742,0.313972691282217,0.49530904096307665,0.5519293907661069,0.5531009591076332,0.12072450030758598,1,1,1,1,1,1,2,4,2,1,0,0
0.7170499158721257,0.44829280116344833,0.44829280116344833,0.49977688988594776,0.36634333408526965,0.007528301839453904,0,0,0,0,1,0,0,0,0,0,4,5
0.75116844269957,0.3246861113355417,0.39534297487274783,0.5444705535587087,0.557648876892481,0.0031513821653527973,1,0,0,0,1,1,0,1,2,1,2,0
0.714152177977192,0.2990094530176941,0.4344800840268239,0.5646589485577671,0.4485325575425687,0.033563427487124285,1,1,1,1,1,1,1,3,0,1,2,1
0.9273696017947279,0.3098101316958875,0.34089036115375293,0.20468817802958972,0.4172053382286976,0.002962721834572577,0,0,0,0,0,1,1,1,1,1,2,1
0.8194054963544588,0.2923681021249091,0.2923681021249091,0.5682491792004061,0.4721174265111974,0.0014911712544868599,0,0,0,0,1,1,0,0,1,0,3,2
0.8194054963544588,0.3681602973256847,0.3681602973256847,0.0,0.0,0.05280678122670674,0,0,1,0,0,0,0,0,0,0,2,0
0.7397644419517668,0.2950246424820231,0.43217580997010585,0.5697065590279768,0.5054359804081718,0.1337815052148154,1,1,1,1,1,1,2,5,4,2,3,5
0.5462703309029726,0.4731712046537933,0.4731712046537933,0.0,0.0,0.03922323741053089,0,0,0,0,1,1,0,0,0,1,1,0
0.8989530753411854,0.31405994990708574,0.31405994990708574,0.4947292794157381,0.3795566687669024,0.00013281687286927497,0,0,0,0,0,0,0,0,1,0,0,4
0.7311647036829314,0.3246861113355417,0.3246861113355417,0.5727359440628147,0.4874621114888079,0.007528301839453904,1,0,0,0,1,1,1,0,2,0,2,5
0.5462703309029726,0.5132810858851095,0.5609178314615819,0.0,0.0,0.010999651925809956,1,0,0,0,1,0,0,1,0,1,2,9
0.6487193868012713,0.35709137917104306,0.4936252726832027,0.576659816435642,0.6389850416546747,0.09669672057941714,1,1,1,0,1,1,1,2,1,2,0,9
0.9046550757150871,0.3357550294901834,0.348148986022461,0.49304674259233483,0.40455984504927783,0.008735727956447314,1,0,0,0,1,1,1,1,1,2,2,1
0.6828379136287157,0.4217273975923083,0.47830653631736286,0.615972227908005,0.5155222975022753,0.13506268544688274,0,1,1,0,1,0,1,3,1,0,0,0
0.7823892316320809,0.3111384018744445,0.46210551830007274,0.5579308481459345,0.4680699352556973,0.03522363839799022,1,1,0,0,1,1,2,3,1,1,0,4
0.6401196485324361,0.41154722469095906,0.48512563626080635,0.0,0.0,0.020357204332508875,0,0,1,0,1,1,1,1,0,1,1,3
0.5462703309029726,0.530015351054375,0.5549842449705098,0.7205596993540041,0.64665738414348,0.03695931344116825,0,0,0,0,1,1,2,1,1,3,1,0
0.6146008599738269,0.4088001939080553,0.4088001939080553,0.556190998632683,0.4378057982062432,0.01507471507066271,0,0,1,0,1,0,0,0,0,2,0,0
0.7852869695270144,0.22817484042982952,0.22817484042982952,0.0,0.0,0.01281079110130007,0,0,0,0,0,0,0,0,0,0,2,0
0.2731351654514863,0.8230039589561282,0.8230039589561282,0.0,0.0,0.009037584485695666,0,1,0,0,0,0,0,0,0,1,4,0
0.8364180220601982,0.33557728043952495,0.33557728043952495,0.5223191989323465,0.3948987608609411,0.003000453900728621,1,0,0,0,1,1,0,0,0,1,0,3
0.9018508132361189,0.32831542376989575,0.3549680859659045,0.4947292794157381,0.38878992716590055,0.0061699474578363195,1,0,0,0,1,1,0,1,1,1,4,1
0.7044307347167695,0.3043225337319221,0.3043225337319221,0.5346578023039702,0.5756201529282732,0.009339441014944019,1,0,0,0,1,1,0,0,3,1,0,0
0.6487193868012713,0.4244744283752121,0.47255069887694917,0.576659816435642,0.463734633923733,0.018470601024706674,0,1,1,0,1,1,1,1,0,1,0,7
0.6583473546457281,0.4020715843904015,0.4562591904338693,0.6118784643474132,0.5864169201210359,0.017679133205017492,1,1,0,0,1,1,0,1,1,1,0,5
0.5804823331463826,0.43182354366970993,0.48078532762381837,0.0,0.0,0.024130410948113277,1,1,0,0,1,0,0,1,0,1,1,3
0.7719199850439336,0.3724101155368829,0.43403732730063826,0.5642106814478823,0.48923823673545597,0.007613665356642692,1,0,0,0,1,1,1,2,1,1,2,5
0.7170499158721257,0.3057380625353478,0.3057380625353478,0.6345906645815764,0.590041771354341,0.00013281687286927497,0,0,0,0,1,1,1,0,2,0,0,2
0.6031968592260235,0.36780479922436776,0.5175309040963076,0.576659816435642,0.5751949200225063,0.10291496508193321,0,0,0,0,1,1,2,2,2,2,0,0
0.5804823331463826,0.4244744283752121,0.5931453502464248,0.6175974520415599,0.5155923053587126,0.049788215934223216,0,1,0,1,1,1,0,2,0,2,0,1
0.8536174985978688,0.35009776197786213,0.39906277773289167,0.5373494518450592,0.42033235581622685,0.005041296839280853,1,0,0,0,0,0,1,2,1,4,2,0
0.8932510749672837,0.337878322695322,0.3539920820877434,0.4914215184587799,0.40761685478036985,0.0033204218217318744,1,0,0,0,1,1,0,1,1,1,3,0
0.6828379136287157,0.4830896016805365,0.5279793164741051,0.0,0.0,0.02986568500383197,0,0,0,1,1,1,0,3,0,2,0,9
0.8906337633202468,0.31919528157065524,0.3278726670437101,0.5172736353439171,0.3900682187667728,0.006773660516333024,1,0,0,0,1,0,1,1,1,1,0,2
0.6828379136287157,0.4217273975923083,0.42181788801809805,0.576659816435642,0.463734633923733,0.021111845655629756,0,1,0,0,1,1,0,1,0,1,1,3
0.9512058328659563,0.2941391290296518,0.2941391290296518,0.49613139343524076,0.37032081748433254,0.00013281687286927497,0,0,0,0,0,0,0,0,1,0,2,0
0.6828379136287157,0.3685157954270017,0.4031348468934314,0.556190998632683,0.49847408801802584,0.014923786806038534,1,1,0,0,1,1,0,1,1,1,0,3
0.8194054963544588,0.2923681021249091,0.4559941827583421,0.5971859469284492,0.5101939217623312,0.011452436719682484,1,1,0,0,1,1,1,2,1,2,0,7
0.8364180220601982,0.2923681021249091,0.2923681021249091,0.5098147981365189,0.37905883512112665,5.735274055718692e-05,0,0,0,0,0,0,0,0,0,1,0,4
0.7881847074219481,0.28962430314292636,0.28962430314292636,0.0,0.0,0.0009629223283022435,0,0,0,0,0,0,0,0,0,0,0,0
0.8194054963544588,0.3220295709784277,0.3805574856588834,0.5441901307548082,0.43070389010322274,0.015829356393783592,1,1,0,0,1,0,1,2,2,1,0,5
0.9559730790802019,0.30759634806495917,0.30759634806495917,0.4947292794157381,0.38374676861884877,0.0007365299313659794,0,0,0,0,0,1,2,0,1,0,0,2
0.6487193868012713,0.3548775955401147,0.42305566777086534,0.535722180829724,0.62413819032284,0.03665745691191989,0,1,1,0,1,1,0,1,2,1,0,2
0.5121518040755282,0.5344429183162317,0.5468401066494304,0.6381235825343672,0.5415937418162113,0.0271489762405968,0,1,0,0,1,0,1,1,0,2,0,0
0.7965040194428865,0.31352993455603134,0.4069419083784439,0.5734073212867518,0.5300139237847804,0.03922323741053089,1,1,1,0,1,1,3,2,4,2,0,0
0.7170499158721257,0.36497374161751633,0.4551086693059707,0.0,0.0,0.01432007374754183,0,1,0,0,1,0,0,1,0,1,0,0
0.5462703309029726,0.5287775713016079,0.5287775713016079,0.5971859469284492,0.48973607038123174,0.025611015714793798,0,1,0,0,1,1,1,0,0,0,2,9
0.6828379136287157,0.32477336996041045,0.32477336996041045,0.5185631708655035,0.45251263382520346,0.007528301839453904,1,0,0,0,0,0,0,0,1,1,0,4
0.7936997569639186,0.34637795911771835,0.34637795911771835,0.0,0.0,0.0005101375344297152,0,0,0,0,0,0,0,0,0,0,2,0
0.75116844269957,0.33239072473135656,0.4530726347257009,0.515198097218697,0.38587811891482643,0.019798769753399423,1,0,0,0,1,0,0,4,0,1,1,2
0.8194054963544588,0.38365678274218307,0.38365678274218307,0.4947292794157381,0.4331178647085211,0.030167541533080322,1,0,0,0,0,0,0,0,1,0,2,3
0.7652832305103758,0.30857235194312027,0.3988850286822332,0.5370690290411587,0.5413811253633278,0.03997787873365177,1,1,0,0,1,1,2,2,3,1,1,5
0.6146008599738269,0.4118994909913549,0.42500444372626645,0.0,0.0,0.022621128301871518,0,1,0,0,1,1,0,1,0,2,1,1
0.6146008599738269,0.431468045568393,0.431468045568393,0.0,0.0,0.0039060234884736775,1,0,0,0,0,0,0,0,0,0,2,0
0.6828379136287157,0.3698440656055587,0.4873394198917347,0.0,0.0,0.032386187023055714,1,1,0,0,1,0,0,3,0,2,0,0
0.8989530753411854,0.2923681021249091,0.2923681021249091,0.5003377354937488,0.3823258684215303,1.2074261169934092e-05,0,0,0,0,0,0,0,0,1,0,4,5
0.7170499158721257,0.3542603215641916,0.3757744202957098,0.535666915021656,0.5393197829237875,0.005415306134715438,1,0,0,0,0,0,1,1,2,0,0,2
0.7282669657879979,0.31928577199644503,0.5267415367213379,0.6585924003373261,0.5777515032242508,0.04118530485064518,1,1,1,1,1,1,3,5,3,1,3,4
0.9559730790802019,0.311316150925103,0.311316150925103,0.5162072099363829,0.38715641051569866,0.0039060234884736775,1,0,0,0,0,1,1,0,0,1,0,6
0.8877360254253133,0.31830976811828393,0.31830976811828393,0.4947292794157381,0.39653487039471474,0.007528301839453904,1,0,0,0,1,0,0,0,1,0,0,2
0.6828379136287157,0.4461662761573887,0.493538014058334,0.5698191375258931,0.5213485068879953,0.02563969359435504,1,1,0,0,1,1,0,1,1,2,0,5
0.8194054963544588,0.4335945705744526,0.4335945705744526,0.0,0.0,0.0009810337200571446,1,0,0,0,0,0,0,0,0,1,2,0
0.8877360254253133,0.2923681021249091,0.3254843661630443,0.5357794935195723,0.43077389795966,0.005641698531651703,1,0,0,0,1,1,2,1,1,2,3,0
0.7093849317629464,0.3238005978831704,0.5106245455279954,0.6021209789007427,0.5972862880538076,0.06789960768912434,1,1,1,1,1,1,4,3,5,2,0,0
0.8137034959805571,0.4179203361072958,0.4818485901268482,0.5527706591778085,0.5184341057533495,0.0100940823380649,0,0,0,0,1,1,1,1,3,3,3,0
0.75116844269957,0.298033449139533,0.41774581885755835,0.535666915021656,0.47595489419738596,0.031299503517761645,1,1,0,0,1,1,2,2,1,1,0,0
0.75116844269957,0.32990870162397995,0.5348856750424174,0.0,0.0,0.02865825888683856,1,1,1,0,1,1,0,3,0,1,0,4
0.7766872312581792,0.2788203926638119,0.3138854326573483,0.0,0.0,0.033940748148684724,1,0,0,0,1,1,2,2,0,2,0,0
0.7282669657879979,0.308659610567989,0.39250868546497536,0.5405466811858815,0.4573431759193718,0.010999651925809956,1,1,0,0,1,1,1,2,2,1,0,7
0.7227519162460274,0.31653874121354125,0.5452468287953463,0.5830542751172864,0.513035722156968,0.03981309374505245,1,1,0,0,1,0,2,5,2,1,2,2
0.7113479154982241,0.4376666397349923,0.4376666397349923,0.0,0.0,0.01507471507066271,0,0,1,0,1,1,0,0,0,1,2,3
0.9104505515049544,0.29511190110689184,0.29511190110689184,0.4947292794157381,0.35994928319733666,2.867637027859346e-05,0,0,0,0,0,0,0,0,0,1,3,2
0.7425687044307347,0.34885675042417386,0.3805574856588834,0.5305067260535301,0.5192871644484549,0.03243146550244296,1,1,0,0,1,1,2,2,3,2,0,5
0.6146008599738269,0.4491783146158197,0.4491783146158197,0.6295430541113668,0.5307243738834395,0.006019019193212143,0,0,0,0,1,1,0,0,0,2,2,0
0.7680874929893438,0.308659610567989,0.4121644986668821,0.5558553100207144,0.4642324675695088,0.014169145482917655,1,1,0,0,1,1,0,2,3,2,0,4
0.7951018882034024,0.2936963723034661,0.36116668013250386,0.5306766172412947,0.48632642848438185,0.008433871427198961,1,1,0,0,1,1,1,2,3,1,3,2
0.7709852308842775,0.35709137917104306,0.39082814898602247,0.5680813348944218,0.5019537377713129,0.009037584485695666,1,1,0,0,1,1,1,1,1,1,0,0
0.5746868573565154,0.36143168780803103,0.6197107538175648,0.7079406731784799,0.6759258539013824,0.09160194080028407,0,1,0,1,1,1,4,3,2,1,2,0
0.8620302860347728,0.31671649026419973,0.391623172012604,0.5749220138041707,0.47673535215248236,0.003000453900728621,0,0,0,0,1,1,2,2,1,2,0,0
0.8479154982239672,0.3070663327139048,0.31512321241011554,0.5066175687956966,0.4049876708386164,0.0014911712544868599,1,0,0,0,1,1,0,1,2,3,0,0
0.8123013647410731,0.3287581804960814,0.33779106407045323,0.510936489352121,0.39617964534538513,0.00028374513749345105,1,0,0,0,1,0,0,1,1,1,2,4
0.7852869695270144,0.35266704371010743,0.35266704371010743,0.4947292794157381,0.4082547041390201,0.0034532386946011496,1,0,0,0,1,0,0,0,1,1,0,0
0.75116844269957,0.3639977377393553,0.3639977377393553,0.510037908250571,0.4485325575425687,0.0014911712544868599,1,0,0,0,1,0,0,0,3,0,0,5
0.677135913254814,0.3193730306213137,0.47830653631736286,0.5966251013206482,0.5422315911748615,0.03733663410272869,1,1,0,0,1,1,2,4,2,1,0,0
0.7295756216115161,0.3748889068433384,0.49902561202229945,0.6305521668290527,0.5320026654843119,0.01930070648013964,1,1,0,0,1,0,2,1,0,1,2,3
0.5804823331463826,0.4293447523632544,0.5048687080875818,0.6380662698445189,0.5415211410762023,0.046015009318618814,0,0,0,1,1,1,1,1,0,2,0,1
0.6487193868012713,0.47228569120142194,0.56817645633029,0.6094672376102246,0.5631898690853085,0.05476884866682103,0,0,1,0,1,0,0,2,1,1,0,0
0.8194054963544588,0.3625822089359295,0.3920659287387897,0.5579308481459345,0.4837672523990656,0.010084697618570568,0,0,0,0,1,1,1,2,2,1,0,0
0.4097027481772294,0.6618566696291508,0.6618566696291508,0.0,0.0,0.030167541533080322,0,0,1,0,1,0,0,0,0,2,0,0
0.7170499158721257,0.4047281247475155,0.4047281247475155,0.5701548261378616,0.5058612133139386,0.017142432296013924,1,0,0,0,1,1,1,0,2,1,0,0
0.7652832305103758,0.311316150925103,0.3776359376262422,0.5672400664827202,0.5173684306053606,0.024885052271234158,1,1,1,0,1,1,2,2,3,1,0,2
0.8422134978500655,0.2923681021249091,0.2923681021249091,0.5645484169416312,0.4483925418296943,0.0003592092698055391,0,0,0,0,0,0,0,0,0,1,0,0
0.7709852308842775,0.308659610567989,0.4008338046376343,0.5647715270556833,0.5473473504619223,0.02171555871412646,1,1,0,0,1,1,1,4,4,3,3,2
0.8080014956066555,0.2923681021249091,0.4202246101640139,0.5921936022663075,0.4935009373274113,0.1358173267700036,1,1,1,1,1,1,3,4,2,2,3,1
0.7211628341746121,0.3252161266865961,0.5235517492122486,0.6113176187396121,0.5719978945785398,0.019715759207856128,1,1,0,0,1,1,1,3,1,2,0,7
0.7994017573378203,0.27625434273248767,0.2789981417144704,0.4845235268591827,0.509556072403681,0.03922323741053089,1,0,1,0,1,1,1,1,3,1,0,4
0.8194054963544588,0.3945447200452452,0.41163448331582775,0.556190998632683,0.47673535215248236,0.024583195741985805,0,1,0,0,1,1,1,1,1,1,1,1
0.6487193868012713,0.4362511109315666,0.5259432818938353,0.6381235825343672,0.5415937418162113,0.009025987157841945,1,0,0,0,0,1,0,1,0,1,4,1
0.7852869695270144,0.39118041528641834,0.4543136462793892,0.0,0.0,0.1349117586915412,1,1,0,0,1,1,0,3,0,2,0,9
0.7291082445316881,0.31830976811828393,0.31830976811828393,0.6035230929202453,0.4977636379193666,0.0017930277837352121,1,0,0,0,0,0,0,0,0,0,0,3
0.8536174985978688,0.3306196978266139,0.3369055506180819,0.52192824451231,0.44057759074444286,0.002849525636104445,1,0,0,0,1,0,1,1,1,1,3,2
0.5121518040755282,0.5946513694756403,0.6932891653874121,0.6381235825343672,0.6551127774709533,0.045713152789370465,0,0,0,1,1,0,1,2,1,2,0,4
0.7736025425313142,0.35709137917104306,0.35709137917104306,0.0,0.0,0.0007365299313659794,0,0,0,0,0,0,0,0,0,2,3,2
0.7709852308842775,0.2923681021249091,0.5175309040963076,0.6262352931544086,0.550686984502335,0.11166880443013541,1,1,1,1,1,1,2,4,1,1,0,0
0.5462703309029726,0.5224884867092187,0.5224884867092187,0.0,0.0,0.02835640235759021,0,0,1,0,1,1,0,0,0,3,4,0
0.8536174985978688,0.3029942635533651,0.3029942635533651,0.4861487509927377,0.34907991526456494,1.2074261169934092e-05,0,0,0,0,0,0,0,0,0,0,2,2
0.8536174985978688,0.29759069241334735,0.362759957986588,0.5256290067710849,0.41642488027360114,0.005037985473154999,1,1,0,0,0,1,0,3,1,1,2,5
0.7170499158721257,0.45457865395491637,0.45457865395491637,0.0,0.0,0.039374165675155066,0,0,0,0,1,1,0,0,0,1,2,9
0.8536174985978688,0.3379688131211117,0.37365112709057124,0.0,0.0,0.001812748070791007,0,0,0,0,1,0,0,1,0,0,2,1
0.8194054963544588,0.3196380382968409,0.428811505211279,0.5103183310544717,0.4877473286817003,0.03624995059743462,1,1,0,0,1,1,2,2,2,2,0,7
0.7766872312581792,0.30848186151733054,0.4030475882685627,0.5353864922177555,0.5145266302107238,0.01975349127401217,0,1,1,0,1,1,2,2,4,1,0,0
0.8279117592073286,0.2950246424820231,0.349477256201018,0.50089858110155,0.489806078237669,0.0008270883994231314,0,0,0,0,1,1,1,2,4,2,3,3
0.8536174985978688,0.38445180576876464,0.38445180576876464,0.5542280390053792,0.4686377767579103,0.005264377870091263,1,0,0,0,1,1,1,0,2,1,2,1
0.7170499158721257,0.29759069241334735,0.5348856750424174,0.639077429443985,0.5834351040135246,0.18335973012661907,1,1,1,1,1,1,4,5,2,2,1,5
0.7170499158721257,0.3238005978831704,0.41659206592873876,0.535666915021656,0.4118069546323162,0.06412640107351994,1,1,1,0,1,1,2,3,0,1,0,5
0.5462703309029726,0.46812636341601355,0.49982386684980207,0.6176547647314082,0.5156649060987215,0.0543160638729485,0,0,0,1,1,1,3,1,0,2,2,3
0.7368667040568331,0.37630766744768523,0.37630766744768523,0.5544531960012118,0.5020963463677591,0.018349858413007333,0,0,1,0,1,0,1,0,1,1,0,1
0.6146008599738269,0.47830653631736286,0.47830653631736286,0.6585924003373261,0.6149749397802791,0.0014911712544868599,1,0,0,0,1,1,0,0,1,1,3,3
0.8364180220601982,0.40021329886079016,0.4196041043871698,0.44358589125326475,0.48234635220174715,0.002728783024405104,0,0,0,0,0,1,0,2,3,0,0,5
0.6742381753598803,0.4410309444938192,0.5966874040559101,0.6023440890147949,0.6134114309865145,1.0,0,0,0,0,1,1,2,3,1,2,2,5
0.5804823331463826,0.5176213945220974,0.5176213945220974,0.4964670820472093,0.6703148538521175,0.007528301839453904,0,0,1,0,1,1,1,0,1,2,4,0
0.8877360254253133,0.3194635210471035,0.33779106407045323,0.5282080778142577,0.40235848689686293,0.02835640235759021,1,1,0,0,1,1,0,1,0,1,3,0
0.6487193868012713,0.3681602973256847,0.40074331421184456,0.0,0.0,0.10910302393152442,0,1,1,0,1,1,0,1,0,2,0,7
0.8595999252196673,0.28794053486305243,0.39401470469419086,0.45188394999058434,0.4742487768071751,0.0019590488748218063,0,0,0,0,0,1,0,2,3,0,0,0
0.6487193868012713,0.37046133958148175,0.44669629150844303,0.576659816435642,0.463734633923733,0.022621128301871518,1,1,0,0,1,0,0,1,0,1,1,3
0.6884464385866518,0.3651514906681748,0.44554577038054455,0.6039713600301301,0.5485556342063573,0.05885566761420536,1,1,1,0,1,1,3,2,4,1,3,1
0.6828379136287157,0.3592179041771027,0.3592179041771027,0.45552944644129134,0.31029296991477195,0.037713954764289126,0,0,0,1,1,1,0,0,0,2,1,3
0.8536174985978688,0.3029942635533651,0.3600161590046053,0.52192824451231,0.43134173946187304,0.00024223986472180265,0,0,0,0,0,1,0,2,1,0,1,2
0.860160777715461,0.3462034418679809,0.3606334329805284,0.5418914825155359,0.45201480017942763,0.009188512750319842,1,1,0,0,1,1,3,1,1,0,3,0
0.6828379136287157,0.364088228165145,0.5486983921790418,0.5288815019199751,0.5956527714036057,0.06080597925178807,0,1,1,0,1,1,1,2,4,2,0,5
0.9225088801645167,0.30405429425547387,0.30405429425547387,0.5024112267371886,0.37401567657407486,0.00013281687286927497,0,0,0,0,0,0,1,0,2,0,0,6
0.8080014956066555,0.3031687808031025,0.4698068998949665,0.5510328565463374,0.504865546022387,0.029246876100307555,1,1,1,0,1,1,2,4,1,1,2,0
0.5462703309029726,0.3725878645875414,0.44811505211278985,0.6090742363084078,0.6696744116098956,0.0928027713521134,0,1,0,1,1,1,3,1,2,2,0,0
0.7852869695270144,0.40357760361961703,0.40357760361961703,0.576659816435642,0.5082051800627998,0.009037584485695666,1,0,0,0,1,1,1,0,1,1,0,3
0.6828379136287157,0.2922808435000404,0.4541358972287307,0.596064255712847,0.5511122174081018,0.028809187151462738,1,1,1,0,1,1,3,3,5,1,1,5
0.8465133669844831,0.2995394683687485,0.35877514745091704,0.4955705478274397,0.46153327577131814,0.005264373342243324,1,0,0,0,1,1,1,3,2,1,3,7
0.7566834922415404,0.3328334814575422,0.35293205138563466,0.5912970680465379,0.49208003713009285,0.0039060234884736775,1,0,0,0,1,1,2,2,1,2,0,0
0.8857730416900356,0.27793487921144056,0.3294659448977943,0.5573700025381334,0.4571279665829166,0.003035167401592182,1,0,0,0,1,1,2,2,1,1,0,2
0.6146008599738269,0.4574097115617678,0.4574097115617678,0.0,0.0,0.037713954764289126,0,0,0,0,1,1,0,0,0,2,0,0
0.8591325481398393,0.3156532277611699,0.40853518623252805,0.5528279718676569,0.4641624597130716,0.09959454326020133,1,1,1,0,1,1,2,3,3,1,0,0
0.8763320246775099,0.33823382079663894,0.33911933424901025,0.5287689234220588,0.40306893699552215,0.0014911712544868599,0,0,0,0,0,1,0,1,0,2,3,7
0.8877360254253133,0.3353122727639977,0.3590401551264442,0.5612386091028927,0.458053626018031,0.019602563009387994,1,1,0,0,1,1,2,1,1,1,0,5
0.47803327724808375,0.540997010584148,0.7458834935767956,0.7506734241057174,0.7238060419372989,0.03643106451498363,1,1,0,0,1,0,0,2,1,1,1,3
0.6828379136287157,0.48114082572513533,0.5580835420538095,0.0,0.0,0.0712479482212464,0,0,1,1,1,0,0,2,0,2,0,0
0.6146008599738269,0.40915569200937224,0.43376908782419,0.4947292794157381,0.5652486186412773,0.017791423833897882,0,0,1,1,1,1,0,1,1,2,1,0
0.8422134978500655,0.3439896582370526,0.362759957986588,0.4964118162391413,0.3620806334933143,0.003585272249777025,0,0,0,0,1,0,0,1,0,0,2,0
0.5462703309029726,0.3193730306213137,0.5375422153995314,0.7319424089342297,0.7122262239058681,0.049788215934223216,1,1,1,0,1,1,4,3,4,1,1,8
0.7170499158721257,0.37869596832835095,0.41783307748242704,0.576659816435642,0.5497613250672206,0.011301508455058309,1,1,0,0,1,1,0,1,2,1,2,3
0.5462703309029726,0.5104467964773369,0.5104467964773369,0.576659816435642,0.463734633923733,0.037713954764289126,0,0,1,0,1,1,0,0,0,0,0,9
0.6146008599738269,0.4122549890926719,0.5818146562171771,0.576659816435642,0.463734633923733,0.038174285971392864,1,1,1,0,1,1,1,3,0,1,0,3
0.8194054963544588,0.3193730306213137,0.3537270744122162,0.5418362167074678,0.4594019254753404,0.007452837707141816,1,0,0,0,1,1,3,1,2,4,0,2
0.6711534866330156,0.3657687646440979,0.49849559667124504,0.0,0.0,0.08120661470172519,0,1,1,1,1,1,1,4,0,2,0,3
0.7311647036829314,0.2869677627858124,0.321942312353559,0.5494628982208504,0.5773262703184839,0.005264377870091263,1,1,0,0,1,1,2,1,3,3,3,2
0.7936997569639186,0.45643693948452774,0.45643693948452774,0.5920830706501715,0.5167305812467103,0.007528301839453904,1,0,0,0,0,1,1,0,1,0,0,1
0.7994017573378203,0.2923681021249091,0.37444615011715277,0.5718946756511131,0.5135335558027438,0.0037777344635431284,1,0,0,0,1,1,1,2,2,1,0,0
0.75116844269957,0.32742991031752444,0.3731178799385958,0.5463209346880962,0.49009129543056135,0.012659862836675893,1,1,0,0,1,1,1,1,2,1,1,2
0.6828379136287157,0.3758649107214995,0.4217273975923083,0.5362830264375251,0.4796471604035565,0.0073773735748297285,1,1,0,0,1,0,0,1,2,0,0,5
0.5804823331463826,0.4312030378928658,0.4312030378928658,0.597128634238601,0.48966346964122276,0.007528301839453904,0,0,0,0,1,0,0,0,0,2,2,3
0.5804823331463826,0.43748889068433383,0.43748889068433383,0.0,0.0,0.016583997716904473,0,0,1,0,1,1,0,0,0,1,3,0
0.5462703309029726,0.32477336996041045,0.5591468045568393,0.0,0.0,0.10321682161118155,1,0,1,1,1,1,1,3,0,2,0,5
0.7852869695270144,0.39215641916457944,0.4306730225418114,0.5691457134201757,0.4809980527444377,0.003000453900728621,1,0,0,0,1,1,1,1,1,4,0,3
0.7595812301364742,0.313972691282217,0.35461258786458755,0.4947292794157381,0.35994928319733666,0.01628214118765612,1,0,0,0,1,0,0,1,0,1,3,1
0.7290147691157225,0.2916603377231963,0.46148501252322854,0.6126624200692665,0.5540966263991849,0.05582534651919026,1,1,1,0,1,1,4,4,2,1,3,0
0.6828379136287157,0.3739161347660984,0.3739161347660984,0.576659816435642,0.6162532313811514,0.01154299367845699,1,0,0,0,1,1,0,0,2,3,0,0
0.7170499158721257,0.303346529853761,0.4612200048477014,0.556135732824615,0.5163753561973807,0.07352923195960612,1,1,1,0,1,1,0,3,2,1,1,3
0.8536174985978688,0.2923681021249091,0.33805607174598046,0.5236660471437812,0.396604878251152,0.005037985473154999,1,0,0,0,1,0,0,1,0,1,0,0
0.6714339128809124,0.41765532843176856,0.5249705098165953,0.5492950539148661,0.5465668925068259,0.04224180270301441,0,1,1,0,1,0,0,3,1,1,0,6
0.8877360254253133,0.34071261210309445,0.34071261210309445,0.5374047176531273,0.4140083127847311,0.003755095223849502,1,0,0,0,1,1,0,0,0,1,4,0
0.6857356515236492,0.3030815221782338,0.32999919204976974,0.5372941860369913,0.6024020473408683,0.012056149778179188,1,1,0,0,1,1,2,1,3,2,2,2
0.8108057580856236,0.3112288923002343,0.34576068514179525,0.5076839942032308,0.4704839098609956,0.0007969012372156499,0,0,0,0,1,1,1,1,1,1,3,2
0.75116844269957,0.2923681021249091,0.33265573240688373,0.515198097218697,0.500960663363333,0.004660664811594558,1,0,0,0,1,1,0,1,3,1,0,4
0.8623107122826696,0.3276076593681829,0.3675397915488406,0.5526580806798923,0.48156589424665075,0.0017930277837352121,1,0,0,0,1,1,1,1,1,3,3,5
0.7994017573378203,0.2923681021249091,0.2923681021249091,0.4969726618469424,0.36279108359197354,0.007528301839453904,1,0,0,0,0,0,0,0,0,1,3,4
0.7043372593008039,0.3138854326573483,0.5307231154560879,0.5432935965350385,0.4214680388206529,0.05594457984824336,0,0,1,1,1,1,1,4,0,2,0,0
0.6146008599738269,0.43235355902076433,0.6533570332067544,0.6728919164544733,0.5857064700223766,0.2049822762791056,0,1,0,1,1,1,0,3,1,2,1,0
0.8194054963544588,0.2815674234467157,0.2998044760442757,0.0,0.0,0.007528301839453904,0,0,0,0,1,0,0,1,0,0,0,5
0.9218545522527575,0.2990967116425628,0.32742991031752444,0.49803704037269625,0.4287151484036913,0.006320875722460495,1,0,0,0,1,1,0,3,2,1,3,3
0.7170499158721257,0.4080924295063424,0.4080924295063424,0.4742051958047111,0.5567958181973756,0.0061699474578363195,0,0,0,0,1,0,0,0,2,0,2,2
0.9218545522527575,0.3173369960410439,0.3173369960410439,0.5011216912156021,0.38971299371744317,0.003000453900728621,0,0,0,0,0,0,0,0,1,0,0,2
0.5804823331463826,0.4540454068029409,0.4540454068029409,0.6072791209870883,0.5025215792735259,0.009792225808816547,0,0,0,0,1,1,0,0,0,0,2,3
0.7311647036829314,0.33929708329966873,0.33929708329966873,0.0,0.0,0.006019019193212143,1,0,0,0,0,0,0,0,0,1,0,2
0.8877360254253133,0.3003377231962511,0.3246861113355417,0.5185058581756552,0.3900682187667728,0.0002611058977998247,0,0,0,0,1,0,0,4,0,1,0,5
0.8620302860347728,0.37949422315585357,0.37949422315585357,0.5606224976870235,0.463734633923733,0.001943956048359388,1,0,0,0,0,1,0,0,1,0,2,5
0.6487193868012713,0.4149987880746546,0.4149987880746546,0.0,0.0,0.06789960768912434,0,1,0,0,0,1,3,0,0,0,3,7
0.8364180220601982,0.3668320271471277,0.3668320271471277,0.4878886005059892,0.4211128137713233,0.003755095223849502,1,0,0,0,1,1,0,0,2,1,1,0
0.7199476537670593,0.3111384018744445,0.3808224933344106,0.5339291123901848,0.4807854362915543,0.013867288953669302,1,1,0,0,1,1,2,1,1,0,4,2
0.9075528136100206,0.24482184697422638,0.28794053486305243,0.0,0.0,0.0006398649057221334,0,0,0,0,0,0,0,3,0,0,0,2
0.8194054963544588,0.2600500929142765,0.2923681021249091,0.4622595937349043,0.3823258684215303,0.083898003739287,1,1,0,0,0,0,1,1,1,1,2,0
0.5804823331463826,0.49477579381110126,0.49477579381110126,0.515198097218697,0.38587811891482643,0.01507471507066271,0,0,0,0,0,1,0,0,0,0,2,3
0.8877360254253133,0.31928577199644503,0.31928577199644503,0.5083574183089482,0.37721270201804136,0.0,0,0,0,0,1,0,0,0,0,0,2,4
0.75116844269957,0.42261291104467963,0.4243839379494223,0.0,0.0,0.00338903984796061,0,0,0,0,0,0,0,1,0,0,2,9
0.9330716021686296,0.29776844146400583,0.30945786539549164,0.49814961887061254,0.4233141719237382,0.0014655134495007499,0,0,0,0,1,1,0,1,1,3,3,0
0.8165077584595253,0.33911933424901025,0.37338288761412297,0.5459299802680596,0.4543587669282887,0.06186247710415731,0,1,1,0,1,1,2,1,1,1,0,0
0.6487193868012713,0.41092671891411486,0.47202068352589477,0.0,0.0,0.013716360689045125,0,1,1,0,0,0,0,2,0,0,4,3
0.710413161338568,0.3713468530338531,0.5249705098165953,0.45261468678614997,0.5382541077757986,0.03846874701567463,0,1,0,0,1,0,1,2,2,1,0,3
0.8877360254253133,0.30193100105033527,0.30193100105033527,0.5271989650965719,0.40314153773553113,0.0005856016667418033,0,0,0,0,1,1,0,0,1,0,0,2
0.6146008599738269,0.44545851175567586,0.5621556112143491,0.0,0.0,0.03343527580691454,0,1,0,0,1,1,0,5,0,1,3,0
0.7994017573378203,0.29776844146400583,0.29776844146400583,0.5084679499250842,0.445905966484387,0.0007365299313659794,1,0,0,0,1,1,0,0,1,2,0,0
0.7199476537670593,0.3137949422315585,0.48255635452856105,0.6218611067899162,0.5831498868206322,0.10563167384516838,1,1,1,1,1,1,3,4,3,1,0,2
0.7908020190689848,0.3330984891330694,0.39507796719722066,0.5528832376757248,0.43361569835429686,0.007075517045581376,1,0,0,0,1,1,1,1,0,0,2,0
0.75116844269957,0.35718186959683285,0.35718186959683285,0.4947292794157381,0.35994928319733666,0.04526036799549794,0,0,0,0,1,1,0,0,0,1,1,6
0.6487193868012713,0.35913064555223395,0.5956273733538013,0.6381235825343672,0.5415937418162113,0.05884391181167378,0,1,1,1,1,1,2,4,0,2,1,3
0.5462703309029726,0.5003538822008564,0.5832301850206028,0.6995853017513121,0.6194502568251179,0.048278933287981454,0,0,0,1,1,1,1,2,0,1,0,0
0.5464572817349038,0.29608790498505294,0.3295564353235841,0.0,0.0,0.06337175975039906,1,1,1,0,1,1,1,2,0,1,1,7
0.5804823331463826,0.4336818291993213,0.5949163771511674,0.576659816435642,0.602684671650189,0.03697522128025964,1,1,0,0,1,1,0,2,1,1,0,1
0.5462703309029726,0.47511998060919447,0.47511998060919447,0.0,0.0,0.003755095223849502,0,0,0,0,1,0,0,0,0,1,0,3
0.6146008599738269,0.4088001939080553,0.5485206431283833,0.670648534023269,0.5961506050493816,0.03237209485098775,0,1,1,1,1,1,0,2,1,2,2,3
0.5804823331463826,0.4652920740082411,0.4652920740082411,0.0,0.0,0.022621128301871518,0,0,1,0,1,1,1,0,0,2,3,4
0.75116844269957,0.33805607174598046,0.4306730225418114,0.52192824451231,0.4943539960225167,0.00132514865411762,0,0,0,0,1,0,0,1,1,2,0,5
0.5804823331463826,0.428811505211279,0.428811505211279,0.556135732824615,0.43773579034980603,0.024130410948113277,0,1,0,0,1,1,1,0,0,1,0,3
0.7339689661618995,0.37055183000727154,0.37055183000727154,0.5459852460761276,0.5776814953678135,0.010546867131937428,0,1,0,0,1,1,0,0,3,1,0,2
0.9018508132361189,0.31653874121354125,0.31653874121354125,0.0,0.0,0.00013281687286927497,0,0,0,0,0,0,0,1,0,0,3,7
0.8108057580856236,0.35390482346287466,0.35390482346287466,0.5337039553943522,0.463734633923733,0.0022458125776077405,1,0,0,0,0,1,2,0,2,0,3,0
0.5462703309029726,0.4874266785166034,0.4874266785166034,0.7095679441938152,0.6870078382870375,0.012056149778179188,0,0,0,0,1,1,2,0,3,0,2,2
0.8051037577117219,0.3005154722469096,0.3163642239638038,0.58086615849415,0.52454293944839,0.006019019193212143,1,1,0,0,1,1,3,1,3,1,0,2
0.869508319312021,0.2928981174759635,0.2928981174759635,0.0,0.0,1.9620674401142893e-05,0,0,0,0,0,0,0,0,0,0,0,2
0.6487193868012713,0.3709040963076674,0.5834079340712612,0.6703128454113004,0.6195928654215641,0.09752682603485012,0,1,1,0,1,1,1,4,2,2,0,5
0.7170499158721257,0.3246861113355417,0.4103062131372707,0.5663414853811704,0.4506639078385464,0.01824420862777041,1,1,0,0,1,0,1,1,0,0,0,2
0.5804823331463826,0.4287242465864103,0.47370445180576876,0.597128634238601,0.48966346964122276,0.030167541533080322,0,0,1,1,1,1,1,1,0,2,0,3
0.6487193868012713,0.35797689262341437,0.5955368829280117,0.6790612181402851,0.5934514132511909,0.07484230786183645,0,1,1,0,1,0,1,3,0,1,4,0
0.5462703309029726,0.5351506827179445,0.6138644259513615,0.5032524951488901,0.3707460503900994,0.0776344807573837,0,0,0,1,1,1,0,4,0,3,0,4
0.8336137595812301,0.2865250060596267,0.37373838571543994,0.5907362224387369,0.48156589424665075,0.009490369279568195,1,1,0,0,1,1,1,1,0,1,0,0
0.8877360254253133,0.35700412054617436,0.35700412054617436,0.5157589428264981,0.4419984909417613,0.00028374513749345105,0,0,0,0,1,0,1,0,2,1,3,5
0.9445690783323986,0.2923681021249091,0.2923681021249091,0.4947292794157381,0.35994928319733666,1.2074261169934092e-05,0,0,0,0,0,0,0,0,0,0,2,0
0.6487193868012713,0.2923681021249091,0.4020715843904015,0.6375627369265661,0.5989924054440184,0.01748956730464953,1,0,1,0,1,1,2,1,2,1,1,0
0.7623854926154421,0.2962624222347903,0.2962624222347903,0.48973898163537666,0.49641274557848536,0.013791824821357214,1,0,0,0,1,1,1,0,1,1,0,2
0.8705365488876426,0.30157550294901836,0.30157550294901836,0.4947292794157381,0.3673364084932495,0.0017930277837352121,1,0,0,0,1,0,0,0,1,2,2,7
0.8906337633202468,0.35151329078128785,0.35151329078128785,0.5185058581756552,0.3900682187667728,0.002547669106856093,0,0,0,0,1,0,0,0,1,3,0,0
0.7852869695270144,0.3111384018744445,0.37356063666478145,0.5068427257915292,0.4888130038296891,0.002117523552677191,0,0,0,0,1,1,1,2,3,0,0,0
0.7170499158721257,0.32742991031752444,0.3936592065928739,0.6158596494100886,0.5656738515470441,0.006320875722460495,1,1,0,0,1,1,2,1,1,1,0,1
0.7852869695270144,0.321942312353559,0.3452274379898198,0.5940460302774753,0.5178662642511365,0.0007365299313659794,1,0,0,0,0,1,1,1,1,1,1,2
0.6146008599738269,0.48468287953462064,0.48468287953462064,0.0,0.0,0.03243146550244296,0,0,1,0,1,1,0,0,0,2,4,0
0.7652832305103758,0.2936963723034661,0.3436341601357356,0.5413879495975831,0.47382354390140824,0.01507471507066271,1,0,0,0,0,1,0,1,1,1,2,2
0.6828379136287157,0.32752040074331423,0.3751539145188656,0.576659816435642,0.463734633923733,0.01432007374754183,1,1,0,0,1,0,1,1,0,1,0,3
0.7852869695270144,0.38870162397996283,0.4607772481215157,0.0,0.0,0.02092318683413218,0,0,0,0,1,0,0,1,0,4,2,0
0.5462703309029726,0.644854164983437,0.644854164983437,0.6841640944185627,0.5999154719955611,0.00039694133596158314,0,0,0,0,0,0,0,0,0,1,2,3
0.7170499158721257,0.29511190110689184,0.4551086693059707,0.5322465755667816,0.4074742461839237,0.029780818040633796,0,1,1,0,1,1,1,2,0,1,0,3
0.8364180220601982,0.3597479195281571,0.4222606447442837,0.5459852460761276,0.4248776807175028,0.0017598235655178934,0,0,0,0,1,1,0,4,0,2,1,3
0.7170499158721257,0.31653874121354125,0.38268077886402196,0.5368438720453261,0.4594019254753404,0.037713954764289126,1,1,0,0,1,1,0,2,1,1,0,0
0.6828379136287157,0.3436341601357356,0.39516522582208935,0.0,0.0,0.03643106451498363,1,1,0,0,1,1,0,2,0,1,2,0
0.7170499158721257,0.34885675042417386,0.4069419083784439,0.535666915021656,0.4118069546323162,0.12072450030758598,1,1,0,0,0,0,0,1,0,0,0,5
0.6828379136287157,0.33814333037084915,0.3998578007594732,0.5851850790505744,0.6144771061345033,0.0543160638729485,1,1,0,0,1,1,2,1,2,2,0,0
0.7755655262665919,0.33752605639492606,0.33752605639492606,0.0,0.0,0.00029129155072465994,0,0,0,0,0,0,0,0,0,0,2,0
0.6445129930828193,0.2909525733214834,0.4284592389108831,0.6260654019666441,0.5950149220449554,0.04269458749688694,1,1,1,1,1,1,3,3,3,1,0,2
0.8027668723125818,0.2541165064232043,0.2541165064232043,0.5117204450739743,0.38147280972642494,0.003000453900728621,0,0,0,0,0,0,0,0,0,0,0,2
0.7199476537670593,0.31653874121354125,0.32990870162397995,0.5438544421428396,0.5891187048027984,0.017338639040025354,1,1,0,0,1,1,4,1,5,0,0,4
0.8877360254253133,0.3211440575260564,0.3211440575260564,0.52192824451231,0.4254455222197158,0.006019019193212143,1,0,0,0,1,0,2,0,1,1,3,5
0.8734342867825762,0.3154787105114325,0.3154787105114325,0.510037908250571,0.41209217182520863,0.0007365299313659794,0,0,0,0,1,0,0,0,1,0,3,6
0.7652832305103758,0.3163642239638038,0.3163642239638038,0.5186184366735715,0.4614632679148809,0.006019019193212143,1,0,0,0,1,0,1,0,1,1,4,0
0.8877360254253133,0.2923681021249091,0.3708168376827987,0.5444152877506407,0.42473507212105666,0.013610710903808202,1,0,0,0,1,0,1,1,1,2,3,2
0.7170499158721257,0.29449462713096874,0.43412458592550696,0.0,0.0,0.1054807455805442,1,0,1,1,1,1,2,3,0,2,2,9
0.9445690783323986,0.3138854326573483,0.3138854326573483,0.5033098078387385,0.37081865113010837,1.2074261169934092e-05,0,0,0,0,0,0,0,0,0,0,0,0
0.5775845952514489,0.4099539468368748,0.6770849155692009,0.7195505866363182,0.6887839635336855,0.3595081062602124,0,0,0,0,1,1,3,5,2,1,2,3
0.6828379136287157,0.3925991758907651,0.5100040397511514,0.576659816435642,0.5345592486860563,0.022168343507998987,0,1,0,0,0,1,0,2,1,0,1,0
0.7852869695270144,0.2882055425385796,0.32052355174921227,0.4827284115378632,0.391419111107654,0.0006308801461290562,0,0,0,0,0,1,0,2,1,1,0,4
0.9359693400635634,0.33557728043952495,0.33832107942150763,0.5067301472936129,0.37515135957850093,0.0015138104941804864,1,0,0,0,0,1,0,1,0,0,0,1
0.8620302860347728,0.30671083461258786,0.30671083461258786,0.5114973349599221,0.3811901854171043,0.0017930277837352121,0,0,0,0,1,0,0,0,0,1,0,2
0.7254627033090297,0.35151329078128785,0.399948291185263,0.5617441889026258,0.5577188847489182,0.025790621858979214,1,1,0,0,1,1,2,1,3,1,2,2
0.6828379136287157,0.4435097358002747,0.4435097358002747,0.6168687621277745,0.51466923880717,0.07544602092033315,0,0,0,0,1,1,0,0,0,2,2,2
0.75116844269957,0.31352993455603134,0.31352993455603134,0.0,0.0,0.0013402429898626837,1,0,0,0,1,0,0,0,0,0,0,3
0.214152177977192,0.841331501979478,0.841331501979478,0.8358011904664435,0.8350511186996171,0.009037584485695666,1,0,0,0,1,0,1,0,1,0,0,0
0.6146008599738269,0.31653874121354125,0.5215157146319787,0.6585924003373261,0.6159706070718307,0.022772056566495693,1,0,0,0,0,1,0,1,2,0,3,7
0.5804823331463826,0.3246861113355417,0.5793358649107214,0.576659816435642,0.598139346748913,0.09446298226297933,1,1,1,1,1,1,1,4,1,4,0,0
0.7652832305103758,0.3523988042336592,0.4411182031186879,0.5749220138041707,0.5266742897443677,0.022319271772623165,0,1,1,0,1,1,2,3,2,1,0,5
0.8279117592073286,0.2936963723034661,0.3939274460693221,0.5325269983706821,0.47631011924671557,0.010358206801157207,1,0,0,0,1,1,3,1,4,3,0,2
0.8174425126191811,0.32052355174921227,0.32052355174921227,0.0,0.0,2.71670876323517e-05,0,0,0,0,0,0,0,0,0,0,4,3
0.5462703309029726,0.49477579381110126,0.49477579381110126,0.6176547647314082,0.5156649060987215,0.033487963354812196,0,0,0,0,1,0,1,0,0,4,0,0
0.7980931015143018,0.2990094530176941,0.306358568312192,0.5043189205564244,0.43645749874893375,0.0006082409064354298,0,0,0,0,1,1,1,1,1,0,2,0
0.7908020190689848,0.28714551183647086,0.4162397996283429,0.556190998632683,0.48185111143954307,0.0408287836132326,1,1,1,0,1,1,2,3,3,2,3,2
0.6487193868012713,0.39215641916457944,0.39215641916457944,0.597128634238601,0.48966346964122276,0.004660664811594558,1,0,0,0,1,1,1,0,0,2,0,7
0.7170499158721257,0.36222671083461255,0.398620021006706,0.5663414853811704,0.55935240139912,0.049788215934223216,1,1,0,0,1,0,2,1,3,1,0,0
0.6487193868012713,0.3820602730871778,0.4540454068029409,0.5799696242743804,0.6387724252017912,0.026243406652851742,0,0,1,0,1,1,0,2,1,2,0,2
0.7170499158721257,0.2923681021249091,0.40180657671487435,0.6052056297436486,0.5858490786188228,0.04269458749688694,1,1,1,1,1,1,2,4,3,1,0,2
0.7823892316320809,0.2843112224286984,0.36231720126040234,0.5236107813357131,0.5294460822825673,0.07061631645235951,1,1,1,0,1,1,4,3,5,1,0,7
0.8536174985978688,0.3353122727639977,0.35797689262341437,0.535666915021656,0.41258741258741266,0.0022835446437637847,0,0,0,0,1,1,0,2,1,1,2,6
0.9515797345298187,0.303346529853761,0.303346529853761,0.5058888788819114,0.40441982933640336,0.0017930277837352121,0,0,0,0,1,1,1,0,2,2,3,0
0.7282669657879979,0.2981239395653228,0.42261291104467963,0.5699317160238093,0.5477725833676892,0.018696993421642938,1,1,0,0,1,1,1,2,3,1,0,2
0.75116844269957,0.44058818776763353,0.44058818776763353,0.0,0.0,0.00013281687286927497,0,0,0,0,1,0,0,0,0,0,2,9
0.6487193868012713,0.36417548679001377,0.5292203280277935,0.6381235825343672,0.5415937418162113,0.016583997716904473,0,1,0,0,1,1,0,2,0,1,0,3
0.8877360254253133,0.33566453906439364,0.3660370041205462,0.515198097218697,0.38587811891482643,0.0010006543944582876,0,0,0,0,0,1,0,1,0,1,2,2
0.7170499158721257,0.2923681021249091,0.36948856750424175,0.0,0.0,0.019602563009387994,1,1,0,0,1,1,0,1,0,1,0,3
0.8906337633202468,0.31653874121354125,0.31653874121354125,0.5158715213244144,0.42473507212105666,0.005264377870091263,0,0,0,0,1,1,0,0,1,1,3,0
0.5804823331463826,0.4518316231720126,0.4518316231720126,0.4947292794157381,0.35994928319733666,0.01809328036314623,0,0,1,0,1,0,0,0,0,2,1,0
0.7852869695270144,0.3111384018744445,0.4491783146158197,0.5132904033994613,0.5003902289775484,0.11857172896798847,1,1,1,0,1,1,1,4,3,2,0,4
0.7852869695270144,0.30697907408903613,0.4889326977458188,0.5713338300433121,0.4569879508700422,0.02305340949099485,1,0,0,0,0,1,0,2,0,0,2,0
0.8194054963544588,0.3153882200856427,0.3153882200856427,0.5271436992885039,0.4378057982062432,0.004811593076218734,1,0,0,0,1,1,0,0,2,0,0,2
0.9273696017947279,0.2928981174759635,0.2928981174759635,0.4947292794157381,0.35994928319733666,2.71670876323517e-05,0,0,0,0,0,0,0,0,0,1,2,7
0.6146008599738269,0.2923681021249091,0.6420231073765856,0.6909495075202436,0.6085108810359089,0.022092883903534838,0,0,0,1,0,1,3,2,0,0,0,3
0.6487193868012713,0.3944574614203765,0.4756499959602488,0.6790612181402851,0.5934514132511909,0.035450030794926486,0,1,0,0,1,1,1,1,0,2,0,3
0.5804823331463826,0.4542231558535994,0.4542231558535994,0.0,0.0,0.0014609856015620247,0,0,0,0,0,0,0,0,0,0,1,3
0.6828379136287157,0.3943702027955078,0.3943702027955078,0.0,0.0,0.030167541533080322,0,1,0,0,1,0,0,0,0,1,0,0
0.714152177977192,0.2627066332713905,0.2627066332713905,0.0,0.0,0.0022458125776077405,0,0,0,0,0,0,0,0,0,1,2,2
0.6828379136287157,0.4273054859820635,0.47131291912418194,0.625394024742707,0.5254685988835044,0.012056149778179188,1,0,0,0,1,1,0,1,0,1,0,4
0.7425687044307347,0.3029037731275753,0.44404298295225014,0.5613511876008089,0.48163849498665967,0.03801581129353748,1,1,1,1,1,1,2,3,2,2,0,3
0.6628341746120772,0.38126525006059625,0.4406754463925022,0.6568525508240746,0.598779788991135,0.09204813002899252,1,1,1,0,1,1,3,3,1,1,0,3
0.7623854926154421,0.33557728043952495,0.431468045568393,0.5373494518450592,0.51125959691032,0.06986167512923863,1,1,1,0,1,1,2,3,3,2,0,4
0.6146008599738269,0.42252565241981094,0.5596768199078936,0.6136735796687327,0.6477230592914687,0.03695931344116825,0,1,1,1,1,1,2,3,4,2,2,3
0.75116844269957,0.32424335460935605,0.3459352023915327,0.4674197827030302,0.3253550305830618,0.011301508455058309,1,0,0,0,0,0,0,1,0,0,0,4
0.6487193868012713,0.3973790094530177,0.3973790094530177,0.5732394769807675,0.5646807771390643,0.021866486978750637,0,0,1,0,1,1,2,0,2,4,0,1
0.7852869695270144,0.3779882039266381,0.3779882039266381,0.515198097218697,0.38587811891482643,0.043751085349256175,0,0,0,0,1,0,0,0,0,2,2,4
0.7170499158721257,0.2923681021249091,0.40162882766421587,0.6109819301276436,0.5072121056548199,0.036204672118047364,1,1,1,0,1,1,0,2,0,1,0,0
0.5462703309029726,0.4654698230588996,0.622276803748889,0.6585924003373261,0.5675225775337011,0.12226018483515845,0,0,1,1,1,1,0,3,0,3,0,0
0.8108057580856236,0.35213379655813204,0.3625822089359295,0.5391445671663787,0.49172481208076324,0.0014911712544868599,0,0,0,0,1,1,0,1,2,2,0,0
0.8877360254253133,0.3279631574694999,0.35284156095984487,0.5489020526130493,0.42985083140811736,0.018108373189608652,1,0,0,0,1,1,2,1,1,1,2,3
0.6146008599738269,0.4137610083218874,0.4137610083218874,0.4742604616127791,0.584856004210843,0.033186106825563846,0,0,1,0,1,1,0,0,2,2,1,5
0.5121518040755282,0.5654326573483073,0.5654326573483073,0.0,0.0,0.0644282576027683,0,1,0,0,1,0,0,0,0,1,0,9
0.5462703309029726,0.4854779025612022,0.5312563626080633,0.576659816435642,0.463734633923733,0.12072450030758598,0,0,0,1,1,1,0,2,0,2,0,3
0.8899794354084876,0.32982144299911126,0.32982144299911126,0.49338243120430336,0.4367401230582544,0.00029129155072465994,0,0,0,0,1,1,0,0,2,3,0,2
0.8450177603290334,0.3493899975761493,0.3493899975761493,0.4947292794157381,0.4399371485022209,0.005641698531651703,1,0,0,0,1,1,0,0,1,0,3,0
0.9075528136100206,0.2923681021249091,0.3130871778298457,0.5271436992885039,0.43951191559645403,0.06186247710415731,1,1,0,0,1,0,2,1,1,1,0,0
0.8223032342493926,0.34983275430233496,0.36948856750424175,0.5420593268215201,0.4800023854528861,0.11468736972261893,1,0,0,0,1,1,4,1,2,2,0,4
0.75116844269957,0.2923681021249091,0.38126525006059625,0.5629211459262959,0.49591491193270953,0.030167541533080322,1,1,0,0,1,1,1,1,1,0,1,1
0.8647410730977754,0.33398400258544075,0.41686030540518704,0.5232730458419643,0.46977345976233637,0.01410300871735934,1,1,0,0,1,1,2,1,3,1,0,0
1.0,0.0,0.0,0.37096252568836635,0.25928835717489784,0.00013281687286927497,0,0,0,0,0,0,1,0,1,0,3,7
0.7852869695270144,0.35948291185262987,0.4429797204492203,0.5885501526973809,0.48248896079819337,0.02050813259713305,0,1,1,0,1,1,1,1,1,1,2,3
0.7766872312581792,0.33008645067463843,0.33008645067463843,0.5341522225042371,0.46401985111662536,0.004509736546970382,1,0,0,0,1,1,2,0,3,1,0,7
0.7170499158721257,0.35293205138563466,0.5016821523794134,0.0,0.0,0.03188642731610156,1,1,0,0,1,0,0,4,0,1,0,7
0.8619368106188072,0.29865395491637714,0.31769249414236084,0.5195170177751214,0.4217532560135453,0.003521156413682029,1,0,0,0,1,1,2,3,2,3,1,1
0.718358571695644,0.3180447604427567,0.3180447604427567,0.536620761931274,0.44618859079370765,0.006019019193212143,1,0,0,0,0,0,1,0,3,0,0,2
0.6487193868012713,0.41553203522663,0.45971398561848587,0.5305640387433783,0.4530078745874075,0.02563969359435504,0,0,1,0,1,0,0,1,1,1,0,3
0.8536174985978688,0.35054051870404784,0.35054051870404784,0.5339291123901848,0.40960559647990136,0.001642099519111036,0,0,0,0,1,1,1,0,0,3,3,2
0.906991961114227,0.2846634887290943,0.3198157873474994,0.5131798717833252,0.3833215357130819,7.199278222573201e-05,0,0,0,0,1,1,0,3,0,0,2,3
0.8481024490558984,0.29210309444938193,0.29210309444938193,0.5555748872168139,0.45599228357849053,0.003528702826913238,1,0,0,0,1,1,2,0,2,1,0,1
0.75116844269957,0.35319705906116183,0.35319705906116183,0.515198097218697,0.38587811891482643,0.01507471507066271,1,0,0,0,1,0,0,0,0,1,2,3
0.9218545522527575,0.31423769895774417,0.33920659287387894,0.4947292794157381,0.35994928319733666,1.3868798236315544e-05,0,0,0,0,1,0,0,1,0,0,0,5
0.6828379136287157,0.37161509251030134,0.45900622121677304,0.6517496745457969,0.5731335775829659,0.04224180270301441,1,1,1,0,1,1,1,2,1,1,1,3
0.6146008599738269,0.4000355498101317,0.4000355498101317,0.0,0.0,0.01432007374754183,0,0,0,0,0,0,0,0,0,1,0,3
0.6742381753598803,0.34885675042417386,0.4721079421507635,0.54088236979785,0.4184136219731326,0.10502796078667166,0,1,0,1,1,1,0,2,0,3,0,0
0.6542344363432417,0.3790514664296679,0.4997333764240123,0.5528832376757248,0.5475599669148057,0.035450030794926486,0,1,1,0,1,1,2,2,1,2,2,5
0.6146008599738269,0.4368683849074897,0.4368683849074897,0.6329633935662412,0.5350570823318321,0.019602563009387994,0,0,0,1,1,1,1,0,0,2,2,3
0.7170499158721257,0.342835905308233,0.3943702027955078,0.556135732824615,0.4505938999821092,0.03280878616400341,0,1,0,0,1,1,1,1,1,1,3,4
0.5462703309029726,0.4592712288923002,0.4592712288923002,0.0,0.0,0.008660263824135227,0,0,1,0,1,0,0,0,0,2,2,0
0.7170499158721257,0.3160959844873556,0.3303514583501656,0.49803704037269625,0.364139383049283,0.03529910253030231,1,1,0,0,1,1,0,1,0,1,2,3
0.7908020190689848,0.32689989496647004,0.32689989496647004,0.5118903362617389,0.46345200961441235,0.006471803987084672,1,0,0,0,1,0,0,0,2,1,0,7
0.7393905402879044,0.36373273006382806,0.4427147127736931,0.48132629751836054,0.3429710815695243,0.030167541533080322,0,0,1,0,1,1,0,1,0,1,4,0
0.6828379136287157,0.42925426193746463,0.5949163771511674,0.5971859469284492,0.48973607038123174,0.07695530356657491,0,0,1,0,1,1,2,1,0,2,0,9
0.5462703309029726,0.41154722469095906,0.6199757614930921,0.556190998632683,0.4378057982062432,0.040886457830993435,0,1,0,0,1,1,0,3,0,2,1,1
0.5804823331463826,0.45882847216611455,0.45882847216611455,0.576659816435642,0.463734633923733,0.009762040155891712,0,0,0,1,1,1,1,0,0,1,0,0
0.7965040194428865,0.3059158115860063,0.3645309848913307,0.5404341026879652,0.4724026437040898,0.05280678122670674,1,1,0,0,1,1,1,1,1,1,0,1
0.8877360254253133,0.17903530742506263,0.30511755675850366,0.4755499971343655,0.36215064134975156,0.017036782510777,0,1,1,0,1,0,0,2,1,0,1,2
0.9559730790802019,0.302018259675204,0.302018259675204,0.5008412684117016,0.3676916335425791,1.056497852369233e-05,0,0,0,0,0,0,0,0,0,0,2,6
0.7170499158721257,0.3462034418679809,0.4636987961541569,0.6141771125866855,0.5765432194798158,0.11846057633822334,1,1,1,1,1,1,3,4,2,2,2,6
0.9515797345298187,0.2973256847378202,0.2973256847378202,0.0,0.0,0.0008874581959901556,0,0,0,0,0,0,0,0,0,1,3,2
0.5462703309029726,0.4698973903207562,0.50513694756403,0.6329633935662412,0.5350570823318321,0.019602563009387994,1,1,0,0,1,1,0,1,0,1,2,0
0.7339689661618995,0.2923681021249091,0.384009049042579,0.5545084618092797,0.4716921936054306,0.06578661198438587,1,1,1,1,1,0,1,4,2,1,0,0
0.8430547765937559,0.3039670356306052,0.40455037569685703,0.5630889902322802,0.4945666124754001,0.21430002437457518,1,1,1,1,1,1,4,4,2,3,0,1
0.8288465133669844,0.3629377070372465,0.39923729498262905,0.5505272767466043,0.4518021837265442,0.003000453900728621,1,0,0,0,1,1,1,1,1,1,0,2
0.5804823331463826,0.35700412054617436,0.4231461581966551,0.6175974520415599,0.5155923053587126,0.0404306635275243,1,1,1,0,1,1,0,2,0,1,4,3
0.75116844269957,0.33407126121030944,0.49884786297164097,0.4947292794157381,0.35994928319733666,0.08435078853315954,1,1,1,0,1,0,0,4,0,2,0,0
0.7220041129183026,0.34416417548679,0.3833012846408661,0.5649393713616676,0.5521078846996534,0.016583997716904473,1,1,0,0,1,1,2,1,2,1,0,5
0.8536174985978688,0.3057380625353478,0.3723228569120142,0.556135732824615,0.43773579034980603,0.04752429196486058,1,1,1,0,1,1,2,2,0,2,0,1
0.8687605159842962,0.40180657671487435,0.40180657671487435,0.494113167999869,0.4747466104529509,0.0022458125776077405,0,0,0,0,0,1,0,0,1,1,2,1
0.9345672088240793,0.2926331098004363,0.3294659448977943,0.49428101230585325,0.3917743361569836,0.0013402429898626837,0,0,0,0,1,0,0,2,2,1,3,0
0.6487193868012713,0.3395620909751959,0.4989383533974307,0.6261227146564923,0.5263916654350471,0.08752028209026724,1,1,1,0,1,1,0,2,0,2,0,9
0.7852869695270144,0.30839460289246184,0.45289488567504244,0.515198097218697,0.4769479686053658,0.043826549481568264,0,1,0,0,1,1,1,3,1,1,1,3
0.9218545522527575,0.3168942393148582,0.37161509251030134,0.5390319886684625,0.4351792071480615,0.0003592092698055391,0,0,0,0,1,1,0,1,1,1,2,0
0.6487193868012713,0.4103062131372707,0.4103062131372707,0.0,0.0,0.031676824179322084,0,0,1,0,1,0,0,0,0,2,0,3
0.5462703309029726,0.4270404783065363,0.5326718914114891,0.0,0.0,0.05280678122670674,1,0,0,0,1,1,3,1,0,2,3,7
0.9089549448495047,0.2922808435000404,0.2922808435000404,0.4954579693295234,0.3608723497488793,0.0007365299313659794,0,0,0,0,0,0,0,0,0,0,0,2
0.5462703309029726,0.47370445180576876,0.5015948937545447,0.576659816435642,0.463734633923733,0.046648908030040355,0,0,0,0,1,1,0,1,0,2,4,0
0.6146008599738269,0.35700412054617436,0.5520626969378686,0.6295430541113668,0.5307243738834395,0.044187236339084474,1,1,1,0,1,1,1,3,0,1,0,3
0.5121518040755282,0.5540987315181385,0.6920481538337239,0.7371025979023555,0.6725162120045325,0.03650652864729572,1,0,1,0,1,0,2,3,1,1,1,3
0.7766872312581792,0.3246861113355417,0.3246861113355417,0.520358286186823,0.49620012912560196,0.0014911712544868599,1,0,0,0,0,1,0,0,2,0,0,2
0.6487193868012713,0.3246861113355417,0.39118041528641834,0.6056538968535333,0.5004628297175573,0.008358407294886874,1,0,0,0,1,1,0,1,0,0,2,2
0.8729669097027482,0.28741051951199803,0.36807303870081604,0.49601881493732447,0.40101018743955347,0.004509736546970382,1,0,0,0,1,0,1,1,2,2,0,5
0.7425687044307347,0.31423769895774417,0.3543475801890603,0.5966251013206482,0.5325004991300877,0.021564630449502284,1,1,0,0,1,1,2,1,2,2,0,2
0.6146008599738269,0.4287242465864103,0.4287242465864103,0.0,0.0,0.0014911712544868599,0,0,0,0,0,0,0,0,0,1,0,0
0.6487193868012713,0.3752444049446554,0.40189383533974304,0.6614518941843995,0.5711448358834345,0.016583997716904473,0,1,0,0,1,1,1,1,0,1,0,3
0.7852869695270144,0.35709137917104306,0.3894093883816757,0.5374620303429756,0.4654407513139438,0.003000453900728621,0,0,0,0,0,0,1,1,2,1,3,0
0.7881847074219481,0.31919528157065524,0.38020198755756646,0.5816521610977836,0.4841950781884042,0.007528301839453904,0,0,0,0,1,1,2,1,1,0,0,2
0.8194054963544588,0.35709137917104306,0.35709137917104306,0.5696512932199088,0.46572596850683623,0.016583997716904473,0,1,0,0,1,1,2,0,1,1,0,1
0.8364180220601982,0.3059158115860063,0.4028698392179042,0.5684722893144584,0.4857585869821688,0.02126277392025393,1,1,0,0,1,1,2,3,3,1,0,1
0.7372406057206955,0.3083073442675931,0.3083073442675931,0.5406019469939495,0.418058396923803,0.007528301839453904,1,0,0,0,0,0,1,0,0,0,0,0
0.8536174985978688,0.2923681021249091,0.3434564110850772,0.4913089399608636,0.3556165747489441,0.0005856016667418033,0,0,0,0,0,0,0,1,0,0,2,2
0.5462703309029726,0.531343621232932,0.531343621232932,0.576659816435642,0.463734633923733,0.01507471507066271,0,0,1,0,0,1,0,0,0,0,0,9
0.7170499158721257,0.31928577199644503,0.42394118122323665,0.535666915021656,0.4118069546323162,0.016636822609522935,0,1,1,0,1,0,0,2,0,1,1,3
0.5462703309029726,0.4747644825078775,0.4747644825078775,0.6585924003373261,0.6536918772736349,0.019149778215515466,0,0,0,1,1,1,1,0,1,2,1,0
0.8194054963544588,0.38772885190272277,0.40729740647976087,0.4947292794157381,0.35994928319733666,0.03131034318572695,0,1,0,0,1,1,0,1,0,0,0,9
0.5604785941297439,0.46901187686838486,0.527714308798578,0.7115309038211189,0.6345823253498448,0.04073252005677265,0,0,0,1,1,1,0,2,0,3,0,3
0.6913441764815853,0.4136705178960976,0.4136705178960976,0.6081777020886382,0.5351296830718411,0.01507471507066271,1,0,0,0,0,1,1,0,2,0,3,7
0.5804823331463826,0.428811505211279,0.428811505211279,0.0,0.0,0.03922323741053089,0,0,0,1,1,0,0,0,0,2,0,0
0.7170499158721257,0.36222671083461255,0.4525426193746465,0.0,0.0,0.006019019193212143,1,0,0,0,1,0,0,1,0,1,2,0
0.6828379136287157,0.3597479195281571,0.41978185343782826,0.4333228260068612,0.2821627760448673,0.03049958371525351,1,1,0,0,1,1,0,1,0,1,0,0
0.5859973826883531,0.43306132342247716,0.43306132342247716,0.6210198383782146,0.5956527714036057,0.01507471507066271,0,1,0,0,1,1,1,0,2,2,3,4
0.7260235558048234,0.3412426274541488,0.40897794295871376,0.5217030875164774,0.4677847180628049,0.011075116058122043,1,1,0,0,1,0,1,1,2,2,3,4
0.8705365488876426,0.3171592469903854,0.3171592469903854,0.4947292794157381,0.35994928319733666,5.735274055718692e-05,0,0,0,0,0,0,0,0,0,0,0,0
0.8536174985978688,0.35319705906116183,0.35319705906116183,0.5287136576139908,0.438376232592028,0.0014911712544868599,1,0,0,0,1,0,0,0,2,3,3,0
0.6487193868012713,0.38268077886402196,0.4874266785166034,0.6482740692828546,0.5675225775337011,0.06789960768912434,1,1,1,0,1,0,2,3,1,1,0,0
0.8022060198167882,0.29936171931809,0.4489100751393714,0.4991587315882984,0.5219163483902083,0.10563167384516838,1,1,1,0,1,0,3,4,4,2,0,1
0.8194054963544588,0.3346917669871536,0.3346917669871536,0.515253363026765,0.39390568645296126,0.0007365299313659794,1,0,0,0,1,0,0,0,1,0,2,6
0.8393157599551317,0.29511190110689184,0.33548679001373516,0.0,0.0,0.0007365299313659794,0,0,0,0,1,0,1,1,0,0,0,3
0.6828379136287157,0.32752040074331423,0.41012846408661224,0.5663414853811704,0.4506639078385464,0.06639032504288259,1,1,1,0,1,1,0,2,0,2,4,0
0.5121518040755282,0.6273248767875899,0.6273248767875899,0.6142344252765337,0.511332197650329,0.031676824179322084,0,0,0,0,1,0,0,0,0,2,2,0
0.8536174985978688,0.31512321241011554,0.3289359295467399,0.5243947370575666,0.41713533037226036,0.02865825888683856,1,1,0,0,1,1,2,1,1,2,0,4
0.75116844269957,0.3384115698472974,0.439082168538418,0.0,0.0,0.028205474092966032,1,0,0,0,1,0,0,2,0,1,0,0
0.8763320246775099,0.3276981497939727,0.3276981497939727,0.527759810704373,0.41613966308070877,0.01507471507066271,1,0,0,0,1,1,1,0,1,3,0,3
0.7709852308842775,0.3059158115860063,0.3059158115860063,0.0,0.0,0.00888665622107149,0,0,0,0,0,0,0,2,0,0,2,3
0.6828379136287157,0.40322210551830007,0.42987476771430877,0.6176547647314082,0.5264616732914843,0.04224180270301441,0,1,1,0,1,1,2,1,1,1,1,0
0.7852869695270144,0.2923681021249091,0.43438959360103413,0.5592756494755889,0.4738935517578455,0.03665745691191989,1,1,0,0,1,0,0,5,1,1,2,3
0.7170499158721257,0.3057380625353478,0.4648493172820554,0.6077273880969731,0.5463516831703707,0.04828798898385891,1,1,1,0,1,1,3,3,2,1,0,5
0.6146008599738269,0.39215641916457944,0.39215641916457944,0.515198097218697,0.38587811891482643,0.0202062760678847,0,1,0,0,1,1,0,0,0,1,0,0
0.7311647036829314,0.41676981497939725,0.44855780883897556,0.5963446785167477,0.5481278084170187,0.014169145482917655,1,1,0,0,1,1,2,2,2,1,0,1
0.7170499158721257,0.32742991031752444,0.5488761412297003,0.556135732824615,0.5526031254618575,0.023111077671625103,1,1,0,0,1,1,1,4,2,1,2,1
0.8591325481398393,0.33548679001373516,0.33548679001373516,0.5432935965350385,0.4677147102063677,0.003000453900728621,0,0,0,0,1,1,0,0,1,4,2,2
0.7994017573378203,0.3059158115860063,0.41110446796477335,0.513012027477341,0.49676797062781497,0.024130410948113277,1,1,1,0,1,1,3,2,3,3,0,2
0.75116844269957,0.4190708572351943,0.5100040397511514,0.0,0.0,0.06639032504288259,0,1,1,0,1,0,0,2,0,1,2,0
0.8877360254253133,0.35089601680536475,0.3717023511351701,0.510037908250571,0.3793414594304473,0.0017552957175791682,0,0,0,0,0,0,0,1,0,0,2,3
0.5462703309029726,0.5131938272602408,0.624312838329159,0.7610490678500372,0.6973093647175962,0.01356543242442095,0,0,0,0,1,1,3,1,0,2,0,0
0.6146008599738269,0.3029942635533651,0.46599983840995396,0.6790612181402851,0.5934514132511909,0.053033173623643,1,1,1,0,1,1,1,2,0,1,0,2
0.7170499158721257,0.3353122727639977,0.4756499959602488,0.5458174017701434,0.5069968963183646,0.01809328036314623,1,1,0,0,1,1,0,2,1,1,1,3
0.6146008599738269,0.47538498828472164,0.47538498828472164,0.597128634238601,0.48966346964122276,0.04526036799549794,0,0,1,0,1,1,0,0,0,4,0,9
0.6487193868012713,0.49061323422477177,0.49061323422477177,0.6415439219892416,0.5459264502646038,0.012056149778179188,0,1,0,0,1,1,0,0,0,1,0,0
0.7852869695270144,0.360103417629474,0.360103417629474,0.541443215405651,0.4421410995382075,0.0061699474578363195,1,0,0,0,1,1,1,0,2,1,0,7
0.8194054963544588,0.35558859174274865,0.40587864587541406,0.5663414853811704,0.4506639078385464,0.0036169958617183807,0,0,0,0,1,0,0,1,0,1,2,0
0.6146008599738269,0.36231720126040234,0.48140583340066256,0.6175974520415599,0.5155923053587126,0.1086502391376519,1,1,1,0,1,0,0,3,0,1,0,0
0.75116844269957,0.3246861113355417,0.35700412054617436,0.5612386091028927,0.4441998490941762,0.027752689299093504,0,0,0,0,0,0,0,1,0,0,2,1
0.44391475042063944,0.551619940211683,0.7762527268320272,0.576659816435642,0.463734633923733,0.24488431808763167,0,1,1,1,1,0,0,5,0,3,2,9
0.6487193868012713,0.5333796558132019,0.5333796558132019,0.6090742363084078,0.5047955381659498,0.043751085349256175,0,0,0,0,1,1,1,0,0,3,1,9
0.5462703309029726,0.4676836066898279,0.4676836066898279,0.0,0.0,0.01311264763054842,1,0,0,0,1,0,0,0,0,1,2,0
0.5804823331463826,0.44386523390159166,0.44386523390159166,0.5799696242743804,0.6004133056413369,0.01507471507066271,0,0,1,0,1,1,2,0,1,3,1,5
0.8194054963544588,0.3220295709784277,0.3774581885755837,0.5551818859149971,0.46288416811219935,0.022621128301871518,1,1,0,0,1,1,0,1,1,1,1,3
0.8194054963544588,0.313972691282217,0.313972691282217,0.4947292794157381,0.35994928319733666,0.0039060234884736775,0,0,0,0,0,0,0,0,0,0,0,0
0.7175172929519538,0.33486951603781206,0.33486951603781206,0.6270765615661102,0.5891887126592356,0.022621128301871518,1,0,0,0,1,1,3,0,2,0,0,2
0.9359693400635634,0.2950246424820231,0.3510705340551022,0.5169358998501683,0.41962190571756763,0.006019019193212143,1,0,0,0,1,1,1,2,1,1,3,2
0.75116844269957,0.321942312353559,0.4715779267997091,0.597128634238601,0.48966346964122276,0.11015952178389365,0,1,0,0,1,1,1,1,0,1,0,9
0.9273696017947279,0.30281651450270664,0.3278726670437101,0.5119456020698069,0.41287262978030503,0.018280185398208873,1,0,0,0,1,1,0,3,2,2,3,0
0.7482707048046364,0.3220295709784277,0.3727656136381999,0.5475552044016146,0.49946716242600564,0.033789819884060546,1,1,0,0,1,1,2,2,2,2,2,5
0.8536174985978688,0.33389351215965096,0.35726912822170154,0.5389746759786141,0.44924300764122793,0.008584799691823138,1,1,0,0,1,1,2,1,2,2,0,1
0.6146008599738269,0.4392599175890765,0.5463973499232446,0.0,0.0,0.04299644402613529,0,1,0,0,1,0,0,1,0,2,0,9
0.7852869695270144,0.321942312353559,0.3593051628019714,0.535722180829724,0.41187696248875344,0.031676824179322084,1,1,0,0,1,1,1,1,0,1,1,3
0.0,1.0,1.0,1.0,1.0,0.012056149778179188,0,0,0,0,0,0,0,0,0,1,2,3
0.8194054963544588,0.2990094530176941,0.2990094530176941,0.4980943530625445,0.364211983789292,0.0022458125776077405,1,0,0,0,1,0,0,0,0,0,0,4
0.7766872312581792,0.3111384018744445,0.37188010018582857,0.5459299802680596,0.4920100292736556,0.04269458749688694,1,1,1,0,1,1,2,2,3,1,1,7
0.8194054963544588,0.3616966954835582,0.4530726347257009,0.5431810180371223,0.4302760643138842,0.011964918170061813,0,1,0,0,1,1,0,4,1,1,0,2
0.8536174985978688,0.31928577199644503,0.31928577199644503,0.0,0.0,0.0008044476504468587,0,0,0,0,1,0,0,0,0,1,0,0
0.5804823331463826,0.44572351943120303,0.5818146562171771,0.597128634238601,0.48966346964122276,0.022995317201941007,0,0,1,1,1,1,1,2,0,1,1,0
0.7852869695270144,0.3003377231962511,0.3750666558939969,0.535722180829724,0.48383985313907457,0.01930070648013964,1,1,0,0,1,1,2,2,1,1,3,4
0.8932510749672837,0.32672214591581156,0.3725878645875414,0.4947292794157381,0.3938330857129523,0.0014157071221747718,1,0,0,0,1,0,0,1,1,1,2,5
0.5462703309029726,0.386665589399693,0.45138886644582693,0.535722180829724,0.6843086464888468,0.024130410948113277,1,1,0,0,1,1,1,1,4,0,1,2
0.5462703309029726,0.4864539064393633,0.4864539064393633,0.6176547647314082,0.5156649060987215,0.01507471507066271,0,0,1,0,1,1,0,0,0,0,0,0
0.9218545522527575,0.31751474509170236,0.31751474509170236,0.5016825368234032,0.42445244781173597,0.0022458125776077405,0,0,0,0,0,1,0,0,2,0,3,0
0.6828379136287157,0.481228084350004,0.5168231396945948,0.6159149152181567,0.5253959981434955,0.019602563009387994,0,0,1,0,1,0,1,1,1,1,0,0
0.8536174985978688,0.37772319625111095,0.37772319625111095,0.5785675102548777,0.4876747279416913,0.01507471507066271,0,0,0,0,1,1,1,0,1,3,3,0
0.8194054963544588,0.3586878888260483,0.3892348711319383,0.535722180829724,0.4588340839731274,0.005890730168281594,1,0,0,0,1,1,1,1,1,1,3,7
0.8734342867825762,0.2923681021249091,0.3409776197786216,0.5270863865986556,0.44221110739464475,0.0020948843129835644,1,0,0,0,1,1,1,1,1,3,3,0
0.9758833426808751,0.2923681021249091,0.3146804556839299,0.4947292794157381,0.3778505513766916,0.0009629223283022435,0,0,0,0,1,0,1,1,1,0,2,6
0.7852869695270144,0.3057380625353478,0.3972012604023592,0.5031972293408222,0.5362653660762672,0.014621930276790183,1,0,0,0,1,0,0,2,3,0,4,4
0.6487193868012713,0.394635210471035,0.394635210471035,0.535722180829724,0.41187696248875344,0.022621128301871518,0,0,0,1,1,1,1,0,0,1,0,3
0.6146008599738269,0.4143782822978105,0.6237828229781045,0.7000335688611968,0.6460195347848297,0.05848772110716073,1,1,0,0,1,1,2,3,2,1,0,1
0.7454664423256685,0.3029942635533651,0.49982386684980207,0.5186184366735715,0.48930824459189315,0.3190487678716921,1,1,1,0,1,0,1,5,1,1,0,0
0.8194054963544588,0.3724101155368829,0.37781045487597964,0.5646589485577671,0.4947792289282835,0.031299503517761645,1,1,0,0,1,1,1,1,2,1,0,1
0.8677322864086745,0.3327429910317524,0.3532843176860305,0.540827103989782,0.443489398995517,0.0015213569074116952,1,0,0,0,1,1,0,1,1,1,0,0
0.7852869695270144,0.3062680778864022,0.3062680778864022,0.535722180829724,0.41187696248875344,0.019602563009387994,1,0,0,0,1,0,1,0,0,2,4,3
0.8137034959805571,0.29776844146400583,0.41898359861032564,0.4947292794157381,0.43560444005382837,0.022168343507998987,1,0,0,0,1,1,1,1,1,2,3,3
0.7170499158721257,0.32990870162397995,0.42695321968166755,0.556135732824615,0.5912474622152042,0.049788215934223216,1,1,1,1,1,1,2,3,3,1,0,5
0.7170499158721257,0.46936414316878083,0.46936414316878083,0.0,0.0,0.04526036799549794,0,0,1,0,1,1,0,0,0,3,0,0
0.7714526079641055,0.3000727155207239,0.41402601599741456,0.5442474434446565,0.4605402013633383,0.049788215934223216,1,1,1,0,1,0,1,3,2,2,4,3
0.9543839970087868,0.27616385230669793,0.27616385230669793,0.0,0.0,0.00020828100518136304,0,0,0,0,0,0,0,0,0,0,2,0
0.8932510749672837,0.29776844146400583,0.29776844146400583,0.5067301472936129,0.37515135957850093,1.2074261169934092e-05,0,0,0,0,0,0,0,0,0,0,1,7
0.8194054963544588,0.4138482669467561,0.45617193180900056,0.0,0.0,0.04665819615544532,0,1,0,0,1,0,0,2,0,1,0,0
0.9089549448495047,0.3187525248444696,0.3187525248444696,0.0,0.0,0.003000453900728621,0,0,0,0,0,0,0,0,0,0,0,7
0.6487193868012713,0.439082168538418,0.5941213541245859,0.535722180829724,0.41187696248875344,0.02865825888683856,0,1,0,0,1,0,0,1,0,2,1,3
0.6146008599738269,0.3904726508847055,0.5106245455279954,0.576659816435642,0.463734633923733,0.049788215934223216,1,1,1,0,1,0,0,2,0,2,0,7
0.6146008599738269,0.43315181384826695,0.4964595620909752,0.576659816435642,0.463734633923733,0.02360216202192866,0,0,0,0,1,1,0,2,0,1,2,0
0.5775845952514489,0.49707683606689823,0.5358584471196575,0.6415439219892416,0.6433903508430762,0.026243406652851742,1,1,0,0,1,1,1,2,2,1,0,2
0.9132548139839223,0.31928577199644503,0.31928577199644503,0.4913089399608636,0.390778668865432,0.00021431813576633008,0,0,0,0,0,0,0,0,1,0,0,0
0.6828379136287157,0.4477595540114729,0.4477595540114729,0.6298787427233352,0.5342766243767357,0.05280678122670674,0,0,0,1,1,0,0,0,1,1,0,2
0.8194054963544588,0.3112288923002343,0.4355401147289327,0.520358286186823,0.4155718215784957,0.011326718003098485,0,0,0,0,0,0,0,3,2,0,2,5
0.8194054963544588,0.37719318090005655,0.37719318090005655,0.5535566617814421,0.4714795771525472,0.07242745562784962,0,0,0,0,1,0,0,0,2,2,4,0
0.5462703309029726,0.4675931162640381,0.5606528237860547,0.6585924003373261,0.5675225775337011,0.09929268673095297,0,0,0,1,1,1,1,2,0,2,0,0
0.9758833426808751,0.31423769895774417,0.3178670113920982,0.4947292794157381,0.35994928319733666,0.000170548939025319,0,0,0,0,0,0,0,1,0,0,2,0
0.7795849691531127,0.3111384018744445,0.3111384018744445,0.48441094836126647,0.45925931687889426,0.0011138505929264195,0,0,0,0,1,1,0,0,2,1,2,0
0.8536174985978688,0.3711723357841157,0.3711723357841157,0.542397062315269,0.42317415621086374,0.02563969359435504,0,0,0,0,1,1,1,0,1,2,2,1
0.5233688539914003,0.629273652742991,0.7153365112709057,0.678555638340552,0.6898496386816744,0.006151081424758297,0,0,0,0,0,0,0,2,2,0,0,1
0.3755842213497851,0.6439718833319867,0.6439718833319867,0.811967299016678,0.7618099364484238,0.0014911712544868599,1,0,0,0,1,0,0,0,0,1,0,0
0.7888390353337074,0.2890037973660822,0.49805283994505933,0.6069434323751197,0.5354849081211708,0.035450030794926486,1,1,1,0,1,1,2,4,2,1,4,0
0.8077210693587586,0.2923681021249091,0.2923681021249091,0.0,0.0,0.0014760784280244423,1,0,0,0,0,0,0,0,0,1,0,2
0.7936997569639186,0.31671649026419973,0.31671649026419973,0.5596133849693378,0.4798623697400116,0.0014911712544868599,1,0,0,0,1,1,2,0,1,1,2,7
0.75116844269957,0.3138854326573483,0.4582079663892704,0.5509755438564891,0.5155923053587126,0.06186247710415731,1,1,1,0,1,1,2,3,1,1,1,0
0.8194054963544588,0.3043225337319221,0.3043225337319221,0.0,0.0,0.010546867131937428,1,0,0,0,1,0,0,0,0,0,2,0
0.8194054963544588,0.31919528157065524,0.35948291185262987,0.515253363026765,0.38594812677126367,0.08299243415154195,1,1,0,0,1,1,0,1,0,1,1,9
0.8108057580856236,0.4134055102205704,0.45289488567504244,0.5905683781327525,0.4854033619328392,0.1041223911989266,1,1,0,0,1,1,1,1,1,2,0,3
0.75116844269957,0.3353122727639977,0.5211634483315828,0.5944942973873601,0.5415937418162113,0.19570136524518283,1,1,1,1,1,1,3,5,2,1,0,1
0.75116844269957,0.3732956289892543,0.5267415367213379,0.0,0.0,0.3501356134645983,1,0,1,1,1,1,0,4,0,2,0,9
0.8734342867825762,0.29511190110689184,0.3436341601357356,0.5380228759507766,0.46366462606729575,0.008584799691823138,1,0,0,0,1,1,0,1,2,2,0,1
0.6146008599738269,0.4745899652581401,0.4745899652581401,0.5817074269058516,0.470128684811666,0.015829356393783592,0,0,0,1,1,1,0,0,0,2,1,0
0.7084501776032903,0.3560313484689343,0.4190708572351943,0.0,0.0,0.03469538947180561,0,0,0,0,1,0,0,1,0,1,3,6
0.5687044307347169,0.46794861436535506,0.5992566857881554,0.0,0.0,0.021111845655629756,1,1,0,0,1,1,2,2,0,1,2,0
0.7170499158721257,0.34558293609113677,0.34558293609113677,0.0,0.0,0.011301508455058309,1,0,0,0,1,1,0,1,0,1,0,3
0.8536174985978688,0.3214090652015836,0.3214090652015836,0.5031972293408222,0.4022884790404257,0.0021250699659084,1,0,0,0,1,1,2,0,2,4,3,0
0.8422134978500655,0.2975034337884786,0.3708168376827987,0.49125162727101535,0.41734794682514376,0.01356543242442095,1,0,0,0,1,0,0,1,1,0,2,6
0.8536174985978688,0.3170719883655167,0.3170719883655167,0.0,0.0,0.0007365299313659794,0,0,0,0,1,0,0,0,0,0,2,4
0.9568143578238923,0.29351862325280764,0.31583097681182837,0.5044314990543406,0.383816776475286,8.753839348202215e-05,0,0,0,0,1,1,0,1,1,0,0,0
